Rk,Player,Age,Tm,Pos,GP,G,A,PTS,PLUSMINUS,PIM,PS,EV,PP,SH,GW,EV,PP,SH,S,S%,TOI,ATOI,BLK,HIT,FOW,FOL,FO%
287,Jaromir Jagr,25,PIT,RW,77,35,67,102,17,64,12.6,28,7,0,8,36,31,0,262,13.4,,,,,,,
205,Peter Forsberg*,24,COL,C,72,25,66,91,6,94,10.1,15,7,3,7,36,30,0,202,12.4,,,,,,,
86,Pavel Bure*,26,VAN,RW,82,51,39,90,5,48,12.9,32,13,6,4,24,12,3,329,15.5,,,,,,,
233,Wayne Gretzky*,37,NYR,C,82,23,67,90,-11,28,9.1,17,6,0,4,43,24,0,201,11.4,,,,,,,
206,Ron Francis*,34,PIT,C,81,25,62,87,12,20,9.8,18,7,0,5,37,25,0,189,13.2,,,,,,,
371,John LeClair,28,PHI,LW,82,51,36,87,30,32,13.1,35,16,0,9,25,11,0,303,16.8,,,,,,,
517,Ziggy Palffy,25,NYI,RW,82,45,42,87,-2,34,12.1,26,17,2,5,22,18,2,277,16.2,,,,,,,
605,Teemu Selanne*,27,MDA,RW,73,52,34,86,12,30,13.3,41,10,1,10,26,7,1,268,19.4,,,,,,,
8,Jason Allison,22,BOS,C,81,33,50,83,33,60,11.3,28,5,0,8,28,20,2,158,20.9,,,,,,,
641,Jozef Stumpel,25,LAK,C,77,21,58,79,17,53,8.9,17,4,0,2,39,17,2,162,13,,,,,,,
56,Peter Bondra,29,WSH,RW,76,52,26,78,14,44,12.1,36,11,5,13,16,10,0,284,18.3,,,,,,,
202,Theoren Fleury,29,CGY,RW,82,27,51,78,0,197,8.9,22,3,2,4,27,19,5,282,9.6,,,,,,,
506,Adam Oates*,35,WSH,C,82,18,58,76,6,36,7.9,13,3,2,3,31,23,4,121,14.9,,,,,,,
72,Rod Brind'Amour,27,PHI,LW,82,36,38,74,-2,54,9,24,10,2,8,22,14,2,205,17.6,,,,,,,
560,Mark Recchi*,29,MTL,RW,82,32,42,74,11,51,8.9,22,9,1,6,22,20,0,216,14.8,,,,,,,
645,Mats Sundin*,26,TOR,C,82,33,41,74,-3,49,9.1,23,9,1,5,26,12,3,219,15.1,,,,,,,
9,Tony Amonte,27,CHI,RW,82,31,42,73,21,66,9.5,21,7,3,5,27,12,3,296,10.5,,,,,,,
276,Brett Hull*,33,STL,LW,66,27,45,72,-1,26,8.4,17,10,0,6,32,12,1,211,12.8,,,,,,,
738,Alexei Yashin,24,OTT,C,82,33,39,72,6,24,9.5,28,5,0,6,25,14,0,291,11.3,,,,,,,
390,Eric Lindros*,24,PHI,C,63,30,41,71,14,134,9.2,19,10,1,4,27,14,0,202,14.9,,,,,,,
715,Doug Weight,27,EDM,C,79,26,44,70,1,69,8.3,17,9,0,4,23,20,1,205,12.7,,,,,,,
494,Joe Nieuwendyk*,31,DAL,C,73,39,30,69,16,30,10,25,14,0,11,15,15,0,203,19.2,,,,,,,
747,Steve Yzerman*,32,DET,C,75,24,45,69,3,46,7.6,16,6,2,0,23,21,1,188,12.8,,,,,,,
684,Pierre Turgeon,28,STL,C,60,22,46,68,13,24,8.1,16,6,0,4,28,17,1,140,15.7,,,,,,,
306,Valeri Kamensky,31,COL,LW,75,26,40,66,-2,60,7.3,18,8,0,4,21,19,0,173,15,,,,,,,
317,Dmitri Khristich,28,BOS,RW,82,29,37,66,25,42,8.8,14,13,2,1,27,10,0,144,20.1,,,,,,,
673,Keith Tkachuk,25,PHX,LW,69,40,26,66,9,147,9.3,29,11,0,8,15,10,1,232,17.2,,,,,,,
27,Stu Barnes,27,PIT,LW,78,30,35,65,15,30,8.3,14,15,1,5,22,12,1,196,15.3,,,,,,,
263,Bobby Holik,27,NJD,C,82,29,36,65,23,100,8.6,21,8,0,8,18,18,0,238,12.2,,,,,,,
563,Robert Reichel,26,NYI,C,82,25,40,65,-11,32,7.2,17,8,0,2,16,24,0,201,12.4,,,,,,,
721,Ray Whitney,25,TOT,LW,77,33,32,65,9,28,8.7,21,12,0,2,15,17,0,175,18.9,,,,,,,
209,Jeff Friesen,21,SJS,LW,79,31,32,63,8,40,8.2,18,7,6,7,17,14,1,186,16.7,,,,,,,
307,Sami Kapanen,24,CAR,RW,81,26,37,63,9,16,7.6,22,4,0,5,23,14,0,190,13.7,,,,,,,
543,Keith Primeau,26,CAR,C,81,26,37,63,19,110,8,16,7,3,2,25,11,1,180,14.4,,,,,,,
590,Joe Sakic*,28,COL,C,64,27,36,63,0,50,7.5,14,12,1,2,20,16,0,254,10.6,,,,,,,
129,Geoff Courtnall,35,STL,LW,79,31,31,62,12,94,7.9,25,6,0,5,23,8,0,189,16.4,,,,,,,
230,Chris Gratton,22,PHI,C,82,22,40,62,11,159,6.9,17,5,0,2,32,8,0,182,12.1,,,,,,,
351,Pat LaFontaine*,32,NYR,C,67,23,39,62,-16,36,6.4,12,11,0,2,21,18,0,160,14.4,,,,,,,
721,Ray Whitney,25,FLA,LW,68,32,29,61,10,28,8.4,20,12,0,2,14,15,0,156,20.5,,,,,,,
443,Mark Messier*,37,VAN,C,82,22,38,60,-10,58,6,12,8,2,2,19,17,2,139,15.8,,,,,,,
473,Glen Murray,25,LAK,RW,81,29,31,60,6,54,7.2,19,7,3,7,23,8,0,193,15,,,,,,,
145,Vincent Damphousse,30,MTL,C,76,18,41,59,14,58,6.3,15,2,1,5,26,13,2,164,11,,,,,,,
385,Nicklas Lidstrom*,27,DET,D,80,17,42,59,22,18,11.6,9,7,1,1,14,26,2,205,8.3,,,,,,,
453,Mike Modano*,27,DAL,C,52,21,38,59,25,32,8,9,7,5,2,24,12,2,191,11,,,,,,,
328,Saku Koivu,23,MTL,C,69,14,43,57,8,48,5.6,10,2,2,3,23,19,1,145,9.7,,,,,,,
491,Scott Niedermayer*,24,NJD,D,81,14,43,57,5,27,10.8,3,11,0,1,25,18,0,175,8,,,,,,,
609,Brendan Shanahan*,29,DET,LW,75,28,29,57,6,154,6.9,12,15,1,9,20,9,0,266,10.5,,,,,,,
698,Pat Verbeek,33,DAL,RW,82,31,26,57,15,170,7.7,22,9,0,8,17,9,0,190,16.3,,,,,,,
760,Sergei Zubov*,27,DAL,D,73,10,47,57,16,16,11,4,5,1,2,17,29,1,148,6.8,,,,,,,
180,Steve Duchesne,32,STL,D,80,14,42,56,9,32,9.9,8,5,1,1,17,24,1,153,9.2,,,,,,,
578,Jeremy Roenick,28,PHX,LW,79,24,32,56,5,103,6.2,17,6,1,3,16,14,2,182,13.2,,,,,,,
126,Shayne Corson,31,MTL,LW,62,21,34,55,2,108,6.1,6,14,1,1,23,9,2,142,14.8,,,,,,,
580,Cliff Ronning,32,PHX,C,80,11,44,55,5,36,4.8,8,3,0,0,25,19,0,197,5.6,,,,,,,
224,Doug Gilmour*,34,NJD,C,63,13,40,53,10,68,5.7,10,3,0,5,19,20,1,94,13.8,,,,,,,
289,Craig Janney,30,PHX,C,68,10,43,53,5,12,4.8,6,4,0,0,34,9,0,72,13.9,,,,,,,
334,Alex Kovalev,24,NYR,LW,73,23,30,53,-22,44,5.2,15,8,0,3,16,14,0,173,13.3,,,,,,,
377,Claude Lemieux,32,COL,RW,78,26,27,53,-7,115,5.7,14,11,1,1,20,7,0,261,10,,,,,,,
583,Steve Rucchin,26,MDA,C,72,17,36,53,8,13,5.9,8,8,1,3,24,8,4,131,13,,,,,,,
585,Martin Rucinsky,26,MTL,LW,78,21,32,53,13,84,5.9,13,5,3,3,21,9,2,192,10.9,,,,,,,
157,Pavol Demitra,23,STL,LW,61,22,30,52,11,22,6.4,14,4,4,6,23,7,0,147,15,,,,,,,
336,Vyacheslav Kozlov,25,DET,LW,80,25,27,52,14,46,6.2,19,6,0,1,16,11,0,221,11.3,,,,,,,
357,Jamie Langenbrunner,22,DAL,LW,81,23,29,52,9,61,6.2,15,8,0,6,18,11,0,159,14.5,,,,,,,
471,Larry Murphy*,36,DET,D,82,11,41,52,35,37,11.3,8,2,1,2,27,12,2,129,8.5,,,,,,,
681,Vladimir Tsyplakov,28,LAK,LW,73,18,34,52,15,18,5.8,16,2,0,1,30,4,0,113,15.9,,,,,,,
501,Teppo Numminen,29,PHX,D,82,11,40,51,25,30,10.2,5,6,0,2,22,16,2,126,8.7,,,,,,,
516,Sandis Ozolinsh,25,COL,D,66,13,38,51,-12,65,7.3,4,9,0,2,12,26,0,135,9.6,,,,,,,
51,Rob Blake*,28,LAK,D,81,23,27,50,-3,94,8.8,12,11,0,4,15,11,1,261,8.8,,,,,,,
374,Brian Leetch*,29,NYR,D,76,17,33,50,-36,32,6.5,6,11,0,2,10,23,0,230,7.4,,,,,,,
426,Dean McAmmond,24,EDM,LW,77,19,31,50,9,46,5.8,11,8,0,3,19,12,0,128,14.8,,,,,,,
399,Al MacInnis*,34,STL,D,71,19,30,49,6,80,9.2,9,9,1,2,12,17,1,227,8.4,,,,,,,
574,Gary Roberts,31,CAR,LW,61,20,29,49,3,103,5.8,16,4,0,2,19,9,1,106,18.9,,,,,,,
637,Cory Stillman,24,CGY,LW,72,27,22,49,-9,40,5.8,14,9,4,1,15,6,1,178,15.2,,,,,,,
756,Alex Zhamnov,27,CHI,C,70,21,28,49,16,61,6.1,13,6,2,3,19,8,1,193,10.9,,,,,,,
13,Dave Andreychuk*,34,NJD,LW,75,14,34,48,19,26,5.3,10,4,0,2,22,12,0,180,7.8,,,,,,,
65,Ray Bourque*,37,BOS,D,82,13,35,48,2,80,9.5,4,9,0,3,12,21,2,264,4.9,,,,,,,
210,Dave Gagner,33,FLA,C,78,20,28,48,-21,55,4.3,14,5,1,1,16,12,0,165,12.1,,,,,,,
251,Kevin Hatcher,31,PIT,D,74,19,29,48,-3,66,9,5,13,1,3,15,12,2,169,11.2,,,,,,,
432,Shawn McEachern,28,OTT,LW,81,24,24,48,1,42,5.8,14,8,2,4,16,6,2,229,10.5,,,,,,,
435,Randy McKay,31,NJD,RW,74,24,24,48,30,86,6.8,16,8,0,5,21,3,0,141,17,,,,,,,
526,Yanic Perreault,26,LAK,C,79,28,20,48,6,32,5.9,23,3,2,3,17,3,0,206,13.6,,,,,,,
297,Mike Johnson,23,TOR,RW,82,15,32,47,-4,24,4.4,10,5,0,0,24,8,0,143,10.5,,,,,,,
364,Igor Larionov*,37,DET,C,69,8,39,47,14,40,4.3,5,3,0,2,25,13,1,93,8.6,,,,,,,
592,Sergei Samsonov,19,BOS,LW,81,22,25,47,9,8,5.5,15,7,0,3,17,8,0,159,13.8,,,,,,,
647,Niklas Sundstrom,22,NYR,RW,70,19,28,47,0,24,5.1,15,4,0,1,25,3,0,115,16.5,,,,,,,
40,Bryan Berard,20,NYI,D,75,14,32,46,-32,59,6.2,5,8,1,2,11,21,0,192,7.3,,,,,,,
255,Steve Heinze,28,BOS,RW,61,26,20,46,8,54,6.3,17,9,0,6,13,7,0,160,16.3,,,,,,,
319,Derek King,30,TOR,LW,77,21,25,46,-7,43,4.9,17,4,0,3,15,10,0,166,12.7,,,,,,,
450,Boris Mironov,25,EDM,D,81,16,30,46,-8,100,8.5,5,10,1,1,11,19,0,203,7.9,,,,,,,
599,Miroslav Satan,23,BUF,LW,79,22,24,46,2,34,5,13,9,0,4,20,4,0,139,15.8,,,,,,,
657,Darryl Sydor,25,DAL,D,79,11,35,46,17,51,10.3,6,4,1,1,11,24,0,166,6.6,,,,,,,
5,Daniel Alfredsson,25,OTT,RW,55,17,28,45,7,18,5.6,10,7,0,7,19,9,0,149,11.4,,,,,,,
189,Nelson Emerson,30,CAR,RW,81,21,24,45,-17,50,4.2,15,6,0,4,9,15,0,203,10.3,,,,,,,
456,Alexander Mogilny,28,VAN,RW,51,18,27,45,-6,36,5,9,5,4,1,13,12,2,118,15.3,,,,,,,
674,Rick Tocchet,33,PHX,RW,68,26,19,45,1,157,5.5,18,8,0,6,13,6,0,161,16.1,,,,,,,
757,Alexei Zhitnik,25,BUF,D,78,15,30,45,19,102,9.6,10,2,3,3,13,15,2,191,7.9,,,,,,,
20,Donald Audette,28,BUF,RW,75,24,20,44,10,59,5.4,14,10,0,5,16,4,0,198,12.1,,,,,,,
102,Andrew Cassels,28,CGY,C,81,17,27,44,-7,32,4,10,6,1,2,17,6,4,138,12.3,,,,,,,
404,Vladimir Malakhov,29,MTL,D,74,13,31,44,16,70,8.8,5,8,0,2,13,17,1,166,7.8,,,,,,,
434,Marty McInnis,27,CGY,LW,75,19,25,44,1,34,4.7,10,5,4,0,19,5,1,128,14.8,,,,,,,
101,Anson Carter,23,BOS,C,78,16,27,43,7,31,4.5,10,6,0,4,21,6,0,179,8.9,,,,,,,
121,Craig Conroy,26,STL,RW,81,14,29,43,20,46,4.4,11,0,3,1,27,1,1,118,11.9,,,,,,,
154,Adam Deadmarsh,22,COL,RW,73,22,21,43,0,125,4.7,12,10,0,6,13,6,2,187,11.8,,,,,,,
402,John MacLean,33,TOT,RW,77,16,27,43,-6,42,4,10,6,0,3,17,9,1,213,7.5,,,,,,,
451,Dmitri Mironov,32,TOT,D,77,8,35,43,-7,119,6.4,5,3,0,1,15,19,1,170,4.7,,,,,,,
495,Janne Niinimaa,22,TOT,D,77,4,39,43,13,62,8.2,1,3,0,1,17,21,1,134,3,,,,,,,
600,Brian Savage,26,MTL,RW,64,26,17,43,11,36,5.7,18,8,0,7,14,3,0,152,17.1,,,,,,,
626,Bryan Smolinski,26,NYI,C,81,13,30,43,-16,34,3.5,10,3,0,4,22,7,1,203,6.4,,,,,,,
652,Robert Svehla,29,FLA,D,79,9,34,43,-3,113,6.8,6,3,0,0,10,23,1,144,6.3,,,,,,,
76,Doug Brown,33,DET,C,80,19,23,42,17,12,4.7,12,6,1,5,16,7,0,145,13.1,,,,,,,
108,Chris Chelios*,36,CHI,D,81,3,39,42,-7,151,6.9,2,1,0,0,17,22,0,205,1.5,,,,,,,
143,Alexandre Daigle,22,TOT,RW,75,16,26,42,-8,14,3.9,8,8,0,5,19,7,0,146,11,,,,,,,
152,Eric Daze,22,CHI,RW,80,31,11,42,4,22,5.7,21,10,0,7,9,2,0,216,14.4,,,,,,,
232,Travis Green,27,TOT,C,76,19,23,42,-29,82,3.5,10,9,0,2,12,11,0,141,13.5,,,,,,,
321,Trent Klatt,27,PHI,RW,82,14,28,42,2,16,3.6,9,5,0,3,21,6,1,143,9.8,,,,,,,
376,Jere Lehtinen,24,DAL,RW,72,23,19,42,19,20,5.7,14,7,2,6,13,3,3,201,11.4,,,,,,,
639,Martin Straka,25,PIT,C,75,19,23,42,-1,28,4.3,12,4,3,4,14,6,3,117,16.2,,,,,,,
648,Gary Suter,33,CHI,D,73,14,28,42,1,74,8.3,7,5,2,0,10,18,0,199,7,,,,,,,
96,Jim Campbell,24,STL,RW,76,22,19,41,0,55,4.4,15,7,0,6,11,8,0,147,15,,,,,,,
247,Roman Hamrlik,23,TOT,D,78,9,32,41,-15,70,6.5,3,5,1,3,9,23,0,198,4.5,,,,,,,
497,Owen Nolan,25,SJS,RW,75,14,27,41,-2,144,3.8,10,3,1,1,13,10,4,192,7.3,,,,,,,
615,Mike Sillinger,26,TOT,C,75,21,20,41,-11,50,4,15,2,4,1,14,5,1,96,21.9,,,,,,,
633,Kevin Stevens,32,NYR,LW,80,14,27,41,-7,130,3.5,9,5,0,3,20,7,0,144,9.7,,,,,,,
79,Rob Brown,29,PIT,RW,82,15,25,40,-1,59,3.5,11,4,0,4,14,11,0,172,8.7,,,,,,,
174,Dallas Drake,28,PHX,RW,60,11,29,40,17,71,4.2,8,3,0,2,27,1,1,112,9.8,,,,,,,
302,Kenny Jonsson,23,NYI,D,81,14,26,40,-2,58,8,8,6,0,2,12,12,2,108,13,,,,,,,
522,Michael Peca,23,BUF,C,61,18,22,40,12,57,4.9,7,6,5,1,11,7,4,132,13.6,,,,,,,
576,Luc Robitaille*,31,LAK,LW,57,16,24,40,5,66,4.4,11,5,0,7,13,11,0,130,12.3,,,,,,,
672,German Titov,32,CGY,C,68,18,22,40,-1,38,4.3,11,6,1,2,18,3,1,133,13.5,,,,,,,
745,Paul Ysebaert,31,TBL,C,82,13,27,40,-43,32,2.1,10,2,1,0,12,13,2,145,9,,,,,,,
151,Jason Dawe,24,TOT,RW,81,20,19,39,8,42,4.3,15,4,1,3,13,6,0,134,14.9,,,,,,,
170,Ted Donato,28,BOS,LW,79,16,23,39,6,54,4,13,3,0,5,16,7,0,129,12.4,,,,,,,
239,Bill Guerin,27,TOT,RW,59,18,21,39,1,93,4.6,9,9,0,4,13,8,0,178,10.1,,,,,,,
331,Igor Korolev,27,TOR,RW,78,17,22,39,-18,22,3.3,8,6,3,5,16,6,0,97,17.5,,,,,,,
441,Scott Mellanby,31,FLA,RW,79,15,24,39,-14,127,3.1,9,6,0,1,18,6,0,188,8,,,,,,,
504,Jeff O'Neill,21,CAR,C,74,19,20,39,-8,67,3.9,11,7,1,4,15,4,1,114,16.7,,,,,,,
87,Valeri Bure,23,TOT,RW,66,12,26,38,-5,35,3.2,10,2,0,2,15,11,0,179,6.7,,,,,,,
293,Craig Johnson,25,LAK,RW,74,17,21,38,9,42,4,11,6,0,2,18,3,0,125,13.6,,,,,,,
388,Trevor Linden,27,TOT,RW,67,17,21,38,-14,82,3.6,10,5,2,2,10,9,2,133,12.8,,,,,,,
565,Mikael Renberg,25,TBL,RW,68,16,22,38,-37,34,2.8,7,6,3,0,14,8,0,175,9.1,,,,,,,
73,Patrice Brisebois,27,MTL,D,79,10,27,37,16,67,7.9,5,5,0,1,14,12,1,125,8,,,,,,,
187,Patrik Elias,21,NJD,LW,74,18,19,37,18,28,4.6,13,5,0,6,13,6,0,147,12.2,,,,,,,
213,Garry Galley,34,LAK,D,74,9,28,37,-5,63,5.7,2,7,0,0,15,13,0,128,7,,,,,,,
430,Darren McCarty,25,DET,RW,71,15,22,37,0,157,3.4,9,5,1,2,14,8,0,166,9,,,,,,,
603,Mathieu Schneider,28,TOR,D,76,11,26,37,-12,44,6.3,6,4,1,1,12,14,0,181,6.1,,,,,,,
614,Ray Sheppard,31,TOT,RW,71,18,19,37,-11,23,3.5,11,7,0,2,10,9,0,169,10.7,,,,,,,
151,Jason Dawe,24,BUF,RW,68,19,17,36,10,36,4.3,14,4,1,3,11,6,0,115,16.5,,,,,,,
181,Radek Dvorak,20,FLA,LW,64,12,24,36,-1,33,3.4,7,2,3,0,20,2,2,112,10.7,,,,,,,
339,Robert Kron,30,CAR,C,81,16,20,36,-8,12,3.1,12,4,0,2,16,3,1,175,9.1,,,,,,,
451,Dmitri Mironov,32,MDA,D,66,6,30,36,-7,115,5.1,4,2,0,1,13,16,1,142,4.2,,,,,,,
502,Michael Nylander,25,CGY,C,65,13,23,36,10,24,3.8,13,0,0,2,17,6,0,117,11.1,,,,,,,
547,Chris Pronger*,23,STL,D,81,9,27,36,47,180,10.3,8,1,0,2,17,8,2,145,6.2,,,,,,,
659,Petr Sykora,21,NJD,C,58,16,20,36,0,22,4,12,3,1,4,10,10,0,130,12.3,,,,,,,
110,Tom Chorske,31,NYI,LW,82,12,23,35,7,39,3.4,7,1,4,2,19,3,1,132,9.1,,,,,,,
231,Adam Graves,29,NYR,LW,72,23,12,35,-30,41,3.1,13,10,0,2,7,5,0,226,10.2,,,,,,,
266,Brian Holzinger,25,BUF,C,69,14,21,35,-2,36,3.2,8,4,2,1,11,7,3,116,12.1,,,,,,,
292,Calle Johansson,30,WSH,D,73,15,20,35,-11,30,6.8,4,10,1,1,9,10,1,163,9.2,,,,,,,
337,Igor Kravchuk,31,OTT,D,81,8,27,35,-19,8,6.1,4,3,1,1,14,13,0,191,4.2,,,,,,,
412,Todd Marchant,24,EDM,LW,76,14,21,35,9,71,3.7,11,2,1,3,14,4,3,194,7.2,,,,,,,
606,Alex Selivanov,26,TBL,LW,70,16,19,35,-38,85,2.4,12,4,0,3,11,8,0,206,7.8,,,,,,,
730,Jason Woolley,28,BUF,D,71,9,26,35,8,35,6.9,6,3,0,2,8,18,0,129,7,,,,,,,
109,Steve Chiasson,30,CAR,D,66,7,27,34,-2,65,5.9,1,6,0,0,14,13,0,173,4,,,,,,,
219,Martin Gelinas,27,TOT,LW,64,16,18,34,-5,40,3.4,11,3,2,5,13,3,2,147,10.9,,,,,,,
294,Greg Johnson,26,TOT,C,74,12,22,34,-2,40,2.9,8,4,0,3,19,3,0,89,13.5,,,,,,,
329,Steve Konowalchuk,25,WSH,LW,80,10,24,34,9,80,3,8,2,0,2,23,1,0,131,7.6,,,,,,,
362,Martin Lapointe,24,DET,RW,79,15,19,34,0,106,2.9,11,4,0,3,15,4,0,154,9.7,,,,,,,
411,Dave Manson,31,MTL,D,81,4,30,34,22,122,7.5,2,2,0,0,22,8,0,148,2.7,,,,,,,
481,Markus Naslund,24,VAN,LW,76,14,20,34,5,56,3.2,11,2,1,0,17,3,0,106,13.2,,,,,,,
495,Janne Niinimaa,22,PHI,D,66,3,31,34,6,56,6.2,1,2,0,1,14,17,0,115,2.6,,,,,,,
536,Derek Plante,27,BUF,C,72,13,21,34,8,26,3.2,8,5,0,1,11,9,1,150,8.7,,,,,,,
16,Jason Arnott,23,TOT,RW,70,10,23,33,-24,99,1.9,6,4,0,2,13,10,0,199,5,,,,,,,
46,Todd Bertuzzi,22,TOT,LW,74,13,20,33,-17,121,2.4,10,2,1,2,13,6,1,102,12.7,,,,,,,
114,Dino Ciccarelli*,37,TOT,RW,62,16,17,33,-16,70,3.1,11,5,0,4,12,5,0,161,9.9,,,,,,,
141,Andreas Dackell,25,OTT,RW,82,15,18,33,-11,24,2.8,10,3,2,2,12,5,1,130,11.5,,,,,,,
158,Eric Desjardins,28,PHI,D,77,6,27,33,11,36,7.1,3,2,1,0,13,14,0,150,4,,,,,,,
294,Greg Johnson,26,CHI,C,69,11,22,33,-2,38,2.8,7,4,0,3,19,3,0,85,12.9,,,,,,,
511,Fredrik Olausson,31,PIT,D,76,6,27,33,13,42,7.4,4,2,0,1,12,14,1,89,6.7,,,,,,,
628,Ryan Smyth,21,EDM,LW,65,20,13,33,-24,44,3.1,10,10,0,2,6,7,0,205,9.8,,,,,,,
744,Scott Young,30,MDA,RW,73,13,20,33,-13,22,2.5,7,4,2,1,10,9,1,187,7,,,,,,,
761,Dainius Zubrus,19,PHI,RW,69,8,25,33,29,42,3.5,7,1,0,5,22,3,0,101,7.9,,,,,,,
2,Greg Adams,34,DAL,LW,49,14,18,32,11,20,4,7,7,0,1,11,7,0,75,18.7,,,,,,,
81,Benoit Brunet,29,MTL,LW,68,12,20,32,11,61,3,9,1,2,2,15,3,2,87,13.8,,,,,,,
271,Bill Houlder,30,SJS,D,82,7,25,32,13,48,7.6,3,4,0,2,12,12,1,102,6.9,,,,,,,
284,Jarome Iginla,20,CGY,RW,70,13,19,32,-10,29,2.5,11,0,2,1,13,5,1,154,8.4,,,,,,,
402,John MacLean,33,SJS,RW,51,13,19,32,0,28,3.4,8,5,0,2,12,6,1,139,9.4,,,,,,,
416,Patrick Marleau,18,SJS,C,74,13,19,32,5,14,3.1,12,1,0,2,13,6,0,90,14.4,,,,,,,
454,Fredrik Modin,23,TOR,RW,74,16,16,32,-5,32,3,15,1,0,4,15,1,0,137,11.7,,,,,,,
42,Sergei Berezin,26,TOR,LW,68,16,15,31,-3,10,3.2,13,3,0,3,15,0,0,167,9.6,,,,,,,
250,Derian Hatcher,25,DAL,D,70,6,25,31,9,132,7.3,3,3,0,2,16,9,0,74,8.1,,,,,,,
272,Phil Housley*,33,WSH,D,64,6,25,31,-10,24,5.2,1,4,1,0,10,15,0,116,5.2,,,,,,,
305,Joe Juneau,30,WSH,C,56,9,22,31,-8,26,2.5,4,4,1,1,14,8,0,87,10.3,,,,,,,
308,Paul Kariya*,23,MDA,LW,22,17,14,31,12,23,5,14,3,0,2,12,2,0,103,16.5,,,,,,,
341,Uwe Krupp,32,COL,D,78,9,22,31,21,38,7.8,4,5,0,2,13,8,1,149,6,,,,,,,
348,Eric Lacroix,26,COL,LW,82,16,15,31,0,84,2.7,11,5,0,6,12,3,0,126,12.7,,,,,,,
433,Dan McGillis,25,TOT,D,80,11,20,31,-21,109,5.3,5,6,0,3,10,9,1,137,8,,,,,,,
612,Jeff Shantz,24,CHI,C,61,11,20,31,0,36,2.9,8,1,2,2,14,4,2,69,15.9,,,,,,,
614,Ray Sheppard,31,FLA,RW,61,14,17,31,-13,21,2.6,9,5,0,1,9,8,0,136,10.3,,,,,,,
662,Tim Taylor,28,BOS,C,79,20,11,31,-16,57,2.8,16,1,3,0,9,2,0,127,15.7,,,,,,,
223,Todd Gill,32,TOT,D,75,13,17,30,-11,41,5.9,6,7,0,2,8,9,0,122,10.7,,,,,,,
238,Michal Grosek,22,BUF,LW,67,10,20,30,9,60,2.7,8,2,0,1,16,4,0,114,8.8,,,,,,,
335,Viktor Kozlov,22,TOT,C,64,17,13,30,-3,16,3.2,10,5,2,0,12,1,0,165,10.3,,,,,,,
398,Jyrki Lumme,31,VAN,D,74,9,21,30,-25,34,3.1,5,4,0,1,13,8,0,117,7.7,,,,,,,
510,Mattias Ohlund,21,VAN,D,77,7,23,30,3,76,5.1,6,1,0,0,11,8,4,172,4.1,,,,,,,
579,Brian Rolston,24,NJD,LW,76,16,14,30,7,16,3.2,14,0,2,1,11,3,0,185,8.6,,,,,,,
642,Marco Sturm,19,SJS,C,74,10,20,30,-2,40,2.3,8,2,0,3,16,4,0,118,8.5,,,,,,,
87,Valeri Bure,23,MTL,RW,50,7,22,29,-5,33,2.1,5,2,0,1,12,10,0,134,5.2,,,,,,,
120,Paul Coffey*,36,PHI,D,57,2,27,29,3,30,5.1,1,1,0,1,8,19,0,107,1.9,,,,,,,
132,Murray Craven,33,SJS,LW,67,12,17,29,4,25,2.8,7,2,3,3,14,3,0,107,11.2,,,,,,,
239,Bill Guerin,27,EDM,RW,40,13,16,29,1,80,3.5,5,8,0,2,9,7,0,130,10,,,,,,,
421,Stephane Matteau,28,SJS,LW,73,15,14,29,4,60,2.9,14,1,0,2,14,0,0,79,19,,,,,,,
463,Derek Morris,19,CGY,D,82,9,20,29,1,88,5.4,3,5,1,1,11,7,2,120,7.5,,,,,,,
467,Kirk Muller,31,FLA,C,70,8,21,29,-14,54,1.5,7,1,0,3,17,3,1,115,7,,,,,,,
485,Sergei Nemchinov,34,NYI,C,74,10,19,29,3,24,2.5,7,2,1,1,18,1,0,94,10.6,,,,,,,
524,Scott Pellerin,28,STL,LW,80,8,21,29,14,62,2.1,6,1,1,0,19,0,2,96,8.3,,,,,,,
570,Stephane Richer,31,TOT,LW,40,14,15,29,-6,41,3.3,9,5,0,2,9,3,3,95,14.7,,,,,,,
595,Geoff Sanderson,25,TOT,LW,75,11,18,29,1,38,2.3,9,2,0,2,14,4,0,197,5.6,,,,,,,
656,Tim Sweeney,30,NYR,RW,56,11,18,29,7,26,3,9,2,0,1,13,5,0,75,14.7,,,,,,,
77,Jeff Brown,31,TOT,D,60,4,24,28,5,32,5.5,0,4,0,0,9,15,0,102,3.9,,,,,,,
124,Rene Corbet,24,COL,LW,68,16,12,28,8,133,3,12,4,0,4,7,5,0,117,13.7,,,,,,,
391,Bill Lindsay,26,FLA,LW,82,12,16,28,-2,80,2,10,0,2,5,15,0,1,150,8,,,,,,,
488,Bernie Nicholls,36,SJS,C,60,6,22,28,-4,26,1.9,3,3,0,0,16,6,0,81,7.4,,,,,,,
523,Denis Pederson,22,NJD,C,80,15,13,28,-6,97,2.3,8,7,0,1,9,4,0,135,11.1,,,,,,,
644,Steve Sullivan,23,TOR,C,63,10,18,28,-8,40,2.2,9,1,0,1,17,1,0,112,8.9,,,,,,,
21,P.J. Axelsson,22,BOS,LW,82,8,19,27,-14,38,1.1,6,2,0,1,19,0,0,144,5.6,,,,,,,
136,Matt Cullen,21,MDA,C,61,6,21,27,-4,23,1.8,4,2,0,0,17,4,0,75,8,,,,,,,
161,Rob DiMaio,29,BOS,RW,79,10,17,27,-13,82,1.4,10,0,0,4,13,3,1,112,8.9,,,,,,,
216,Mike Gartner*,38,PHX,RW,60,12,15,27,-4,24,2.2,8,4,0,2,12,3,0,145,8.3,,,,,,,
221,Brent Gilchrist,30,DET,LW,61,13,14,27,4,40,2.6,8,5,0,3,13,1,0,124,10.5,,,,,,,
254,Bret Hedican,27,VAN,D,71,3,24,27,3,79,4.3,2,1,0,0,12,5,7,84,3.6,,,,,,,
273,Tony Hrkac,31,TOT,C,49,13,14,27,3,10,3.1,6,7,0,1,9,5,0,57,22.8,,,,,,,
278,Cale Hulse,24,CGY,D,79,5,22,27,1,169,4.7,3,1,1,0,16,6,0,117,4.3,,,,,,,
567,Mike Ricci,26,TOT,C,65,9,18,27,-4,32,2,4,5,0,2,13,5,0,91,9.9,,,,,,,
17,Magnus Arvedson,26,OTT,LW,61,11,15,26,2,36,2.6,10,0,1,0,14,1,0,90,12.2,,,,,,,
18,Blair Atcheynum,28,STL,RW,61,11,15,26,5,10,2.3,10,0,1,3,14,0,1,103,10.7,,,,,,,
143,Alexandre Daigle,22,PHI,RW,37,9,17,26,-1,6,2.6,5,4,0,3,14,3,0,78,11.5,,,,,,,
219,Martin Gelinas,27,CAR,LW,40,12,14,26,1,30,3,9,2,1,4,11,2,1,98,12.2,,,,,,,
232,Travis Green,27,NYI,C,54,14,12,26,-19,66,2.3,6,8,0,2,5,7,0,99,14.1,,,,,,,
247,Roman Hamrlik,23,EDM,D,41,6,20,26,3,48,4.9,1,4,1,3,7,13,0,112,5.4,,,,,,,
279,Dale Hunter,37,WSH,C,82,8,18,26,1,103,1.6,8,0,0,1,13,1,4,82,9.8,,,,,,,
389,Mats Lindgren,23,EDM,C,82,13,13,26,0,42,2.2,9,1,3,3,9,3,1,131,9.9,,,,,,,
462,Aleksey Morozov,20,PIT,RW,76,13,13,26,-4,8,1.9,11,2,0,3,13,0,0,80,16.3,,,,,,,
634,Scott Stevens*,33,NJD,D,80,4,22,26,19,80,7.7,3,1,0,1,20,1,1,94,4.3,,,,,,,
750,Rob Zamuner,28,TBL,LW,77,14,12,26,-31,41,1.4,11,0,3,4,8,2,2,126,11.1,,,,,,,
751,Richard Zednik,22,WSH,RW,65,17,9,26,-2,28,2.8,15,2,0,2,9,0,0,148,11.5,,,,,,,
26,Matthew Barnaby,24,BUF,RW,72,5,20,25,8,289,1.5,5,0,0,2,17,3,0,96,5.2,,,,,,,
128,Sylvain Cote,32,TOT,D,71,4,21,25,-3,42,5.2,3,1,0,1,17,3,1,103,3.9,,,,,,,
140,Mariusz Czerkawski,25,NYI,RW,68,12,13,25,11,23,2.8,10,2,0,1,12,1,0,136,8.8,,,,,,,
228,Tony Granato,33,SJS,RW,59,16,9,25,3,70,2.9,13,3,0,2,8,1,0,119,13.4,,,,,,,
261,Jonas Hoglund,25,TOT,LW,78,12,13,25,-7,22,1.5,8,4,0,0,11,2,0,186,6.5,,,,,,,
433,Dan McGillis,25,EDM,D,67,10,15,25,-17,74,4.5,5,5,0,3,8,7,0,119,8.4,,,,,,,
439,Kyle McLaren,20,BOS,D,66,5,20,25,13,56,6.5,3,2,0,0,14,6,0,101,5,,,,,,,
498,Brian Noonan,32,VAN,RW,82,10,15,25,-19,62,0.7,9,1,0,2,15,0,0,87,11.5,,,,,,,
549,Vinny Prospal,22,TOT,C,56,6,19,25,-11,21,1.4,2,4,0,0,11,8,0,88,6.8,,,,,,,
555,Marcus Ragnarsson,26,SJS,D,79,5,20,25,-11,65,4.7,2,3,0,2,12,7,1,91,5.5,,,,,,,
589,Joe Sacco,28,TOT,LW,80,11,14,25,0,34,1.8,9,0,2,2,14,0,0,122,9,,,,,,,
719,Glen Wesley,29,CAR,D,82,6,19,25,7,36,6.1,5,1,0,1,11,7,1,121,5,,,,,,,
737,Terry Yake,29,STL,C,65,10,15,25,1,38,1.8,6,3,1,4,12,3,0,60,16.7,,,,,,,
75,Curtis Brown,21,BUF,C,63,12,12,24,11,34,2.5,10,1,1,2,8,3,1,91,13.2,,,,,,,
97,Guy Carbonneau*,37,DAL,C,77,7,17,24,3,40,1.5,6,0,1,1,17,0,0,81,8.6,,,,,,,
103,Shawn Chambers,31,DAL,D,57,2,22,24,11,26,5.8,0,1,1,0,9,12,1,73,2.7,,,,,,,
373,Grant Ledyard,36,TOT,D,71,4,20,24,-4,20,4.1,2,2,0,0,11,8,1,90,4.4,,,,,,,
428,Bryan McCabe,22,TOT,D,82,4,20,24,19,209,6.5,2,1,1,0,11,8,1,123,3.3,,,,,,,
455,Sandy Moger,28,LAK,RW,62,11,13,24,4,70,2.1,10,1,0,2,10,3,0,89,12.4,,,,,,,
537,Shjon Podein,29,PHI,RW,82,11,13,24,8,53,1.7,9,1,1,2,11,2,0,126,8.7,,,,,,,
602,Dave Scatchard,21,VAN,C,76,13,11,24,-4,165,1.7,13,0,0,1,10,1,0,85,15.3,,,,,,,
664,Steve Thomas,34,NJD,RW,55,14,10,24,4,32,2.7,11,3,0,4,9,1,0,111,12.6,,,,,,,
82,Andrew Brunette,24,WSH,LW,28,11,12,23,2,12,2.9,7,4,0,2,8,4,0,42,26.2,,,,,,,
84,Kelly Buchberger,31,EDM,RW,82,6,17,23,-10,122,0.7,4,1,1,1,17,0,0,86,7,,,,,,,
144,J.J. Daigneault,32,TOT,D,71,2,21,23,-9,49,3.5,1,1,0,1,11,10,0,92,2.2,,,,,,,
162,Kevin Dineen,34,CAR,RW,54,7,16,23,-7,105,1.5,7,0,0,1,12,4,0,96,7.3,,,,,,,
175,Kris Draper,26,DET,C,64,13,10,23,5,45,2.1,12,1,0,4,9,1,0,96,13.5,,,,,,,
188,Dave Ellett,33,BOS,D,82,3,20,23,3,67,5.9,1,2,0,1,11,8,1,129,2.3,,,,,,,
207,Scott Fraser,25,EDM,RW,29,12,11,23,6,6,3.2,6,6,0,2,4,7,0,61,19.7,,,,,,,
304,Ed Jovanovski,21,FLA,D,81,9,14,23,-12,158,4,6,2,1,3,9,5,0,142,6.3,,,,,,,
312,Mike Keane,30,TOT,RW,83,10,13,23,-12,52,1,8,2,0,1,11,2,0,128,7.8,,,,,,,
333,Andrei Kovalenko,27,EDM,RW,59,6,17,23,-14,28,1.1,5,1,0,2,8,9,0,89,6.7,,,,,,,
335,Viktor Kozlov,22,FLA,C,46,12,11,23,-1,14,2.4,7,3,2,0,10,1,0,114,10.5,,,,,,,
338,Sergei Krivokrasov,23,CHI,LW,58,10,13,23,-1,33,2,9,1,0,2,13,0,0,127,7.9,,,,,,,
408,Kirk Maltby,25,DET,LW,65,14,9,23,11,89,2.4,11,2,1,3,9,0,0,106,13.2,,,,,,,
423,Brad May,26,TOT,LW,63,13,10,23,2,154,2.1,9,4,0,2,9,1,0,97,13.4,,,,,,,
507,Lyle Odelein,29,NJD,D,79,4,19,23,11,171,6.7,3,1,0,0,12,6,1,76,5.3,,,,,,,
567,Mike Ricci,26,SJS,C,59,9,14,23,-4,30,1.7,4,5,0,2,9,5,0,86,10.5,,,,,,,
707,Dixon Ward,29,BUF,RW,71,10,13,23,9,42,1.8,8,0,2,3,11,1,1,99,10.1,,,,,,,
716,Eric Weinrich,31,CHI,D,82,2,21,23,10,106,6.2,2,0,0,0,13,7,1,85,2.4,,,,,,,
758,Sergei Zholtok,25,OTT,RW,78,10,13,23,-7,16,1.5,3,7,0,1,6,7,0,127,7.9,,,,,,,
99,Keith Carney,27,TOT,D,80,3,19,22,-2,91,4.9,1,1,1,0,15,2,2,71,4.2,,,,,,,
262,Benoit Hogue,31,DAL,LW,53,6,16,22,7,35,1.9,3,3,0,1,13,3,0,55,10.9,,,,,,,
265,Tomas Holmstrom,25,DET,LW,57,5,17,22,6,44,1.4,4,1,0,1,16,1,0,48,10.4,,,,,,,
345,Jari Kurri*,37,COL,C,70,5,17,22,6,12,1.2,3,2,0,0,11,5,1,61,8.2,,,,,,,
355,Robert Lang,27,TOT,C,54,9,13,22,7,16,2.1,7,1,1,2,10,3,0,66,13.6,,,,,,,
355,Robert Lang,27,PIT,C,51,9,13,22,6,14,2.1,7,1,1,2,10,3,0,64,14.1,,,,,,,
358,Daymond Langkow,21,TBL,C,68,8,14,22,-9,62,1.4,6,2,0,1,12,2,0,156,5.1,,,,,,,
470,Joe Murphy,30,TOT,RW,37,9,13,22,9,36,2.6,5,4,0,0,10,3,0,81,11.1,,,,,,,
512,Ed Olczyk,31,PIT,LW,56,11,11,22,-9,35,1.6,5,5,1,1,7,2,2,123,8.9,,,,,,,
561,Wade Redden,20,OTT,D,80,8,14,22,17,27,7.5,5,3,0,2,11,3,0,103,7.8,,,,,,,
611,Darryl Shannon,29,BUF,D,76,3,19,22,26,56,6.5,2,1,0,1,16,3,0,85,3.5,,,,,,,
615,Mike Sillinger,26,PHI,C,27,11,11,22,3,16,2.8,8,1,2,0,7,4,0,40,27.5,,,,,,,
722,Jason Wiemer,21,TOT,LW,79,12,10,22,-10,160,1.4,9,3,0,2,10,0,0,122,9.8,,,,,,,
740,Stephane Yelle,23,COL,C,81,7,15,22,-10,48,0.5,6,0,1,0,15,0,0,93,7.5,,,,,,,
752,Valeri Zelepukin,29,TOT,LW,68,4,18,22,-2,89,1,4,0,0,0,13,5,0,101,4,,,,,,,
125,Bob Corkum,30,PHX,C,76,12,9,21,-7,28,1,7,0,5,0,8,0,1,105,11.4,,,,,,,
190,Anders Eriksson,23,DET,D,66,7,14,21,21,32,6.2,6,1,0,2,10,4,0,91,7.7,,,,,,,
223,Todd Gill,32,SJS,D,64,8,13,21,-13,31,4,4,4,0,1,5,8,0,100,8,,,,,,,
226,Sergei Gonchar,23,WSH,D,72,5,16,21,2,66,5.3,3,2,0,0,9,7,0,134,3.7,,,,,,,
359,Ian Laperriere,24,LAK,C,77,6,15,21,0,131,0.7,5,0,1,1,12,2,1,74,8.1,,,,,,,
366,Janne Laukkanen,27,OTT,D,60,4,17,21,-15,64,3.8,2,2,0,2,10,6,1,69,5.8,,,,,,,
388,Trevor Linden,27,VAN,RW,42,7,14,21,-13,49,1.3,5,2,0,1,7,6,1,74,9.5,,,,,,,
486,David Nemirovsky,21,FLA,RW,41,9,12,21,-3,8,2,7,2,0,1,7,5,0,62,14.5,,,,,,,
548,Sean Pronger,25,TOT,LW,67,6,15,21,-10,32,0.7,5,1,0,3,10,5,0,73,8.2,,,,,,,
668,Esa Tikkanen,33,TOT,LW,48,3,18,21,-11,18,0.9,2,1,0,2,10,8,0,67,4.5,,,,,,,
53,Doug Bodger,31,TOT,D,77,9,11,20,-1,57,5.7,6,3,0,1,4,7,0,96,9.4,,,,,,,
176,Bruce Driver,35,NYR,D,75,5,15,20,-3,46,4.8,4,1,0,0,11,4,0,116,4.3,,,,,,,
257,Alex Hicks,28,PIT,LW,58,7,13,20,4,54,1.5,7,0,0,1,11,1,1,78,9,,,,,,,
361,Claude Lapointe,29,NYI,C,78,10,10,20,-9,47,1,9,0,1,3,9,0,1,82,12.2,,,,,,,
548,Sean Pronger,25,MDA,LW,62,5,15,20,-9,30,0.7,4,1,0,2,10,5,0,68,7.4,,,,,,,
570,Stephane Richer,31,TBL,LW,26,9,11,20,-7,36,2.2,6,3,0,2,6,2,3,71,12.7,,,,,,,
623,Richard Smehlik,28,BUF,D,72,3,17,20,11,62,5,2,0,1,0,11,4,2,90,3.3,,,,,,,
682,Darcy Tucker,22,TOT,C,74,7,13,20,-14,146,0.5,5,1,1,0,12,0,1,63,11.1,,,,,,,
755,Peter Zezel,32,TOT,C,30,5,15,20,15,2,2.4,3,2,0,1,13,1,1,40,12.5,,,,,,,
4,Tommy Albelin,33,CGY,D,69,2,17,19,9,32,4,1,1,0,2,11,3,3,88,2.3,,,,,,,
88,Marc Bureau,31,MTL,C,74,13,6,19,0,12,1.2,13,0,0,2,4,0,2,82,15.9,,,,,,,
118,Wendel Clark,31,TOR,LW,47,12,7,19,-21,80,1.3,8,4,0,3,4,3,0,140,8.6,,,,,,,
204,Colin Forbes,21,PHI,LW,63,12,7,19,2,59,1.6,10,2,0,2,6,0,1,93,12.9,,,,,,,
249,Todd Harvey,22,DAL,C,59,9,10,19,5,104,1.7,9,0,0,1,8,2,0,88,10.2,,,,,,,
273,Tony Hrkac,31,EDM,C,36,8,11,19,3,10,2.1,4,4,0,1,7,4,0,43,18.6,,,,,,,
353,Denny Lambert,28,OTT,LW,72,9,10,19,4,250,1.5,9,0,0,1,10,0,0,76,11.8,,,,,,,
417,Grant Marshall,24,DAL,RW,72,9,10,19,-2,96,1.1,6,3,0,1,7,3,0,91,9.9,,,,,,,
541,Patrick Poulin,24,TOT,LW,78,6,13,19,-4,27,0.6,5,0,1,1,9,2,2,88,6.8,,,,,,,
589,Joe Sacco,28,MDA,LW,55,8,11,19,-1,24,1.4,6,0,2,2,11,0,0,90,8.9,,,,,,,
615,Mike Sillinger,26,VAN,C,48,10,9,19,-14,34,1.2,7,1,2,1,7,1,1,56,17.9,,,,,,,
663,Chris Therien,26,PHI,D,78,3,16,19,5,80,5,2,1,0,1,13,2,1,102,2.9,,,,,,,
686,Oleg Tverdovsky,21,PHX,D,46,7,12,19,1,12,3.8,3,4,0,1,5,7,0,83,8.4,,,,,,,
691,Shaun Van Allen,30,OTT,C,80,4,15,19,4,48,0.8,4,0,0,0,13,1,1,104,3.8,,,,,,,
712,Steve Washburn,22,FLA,C,58,11,8,19,-6,32,1.4,7,4,0,2,5,2,1,61,18,,,,,,,
16,Jason Arnott,23,EDM,RW,35,5,13,18,-16,78,1,4,1,0,0,7,6,0,100,5,,,,,,,
46,Todd Bertuzzi,22,NYI,LW,52,7,11,18,-19,58,0.7,6,1,0,1,8,3,0,63,11.1,,,,,,,
68,Donald Brashear,26,VAN,LW,77,9,9,18,-9,372,0.4,9,0,0,1,9,0,0,64,14.1,,,,,,,
100,Bob Carpenter,34,NJD,LW,66,9,9,18,-4,22,1.1,8,0,1,1,6,1,2,81,11.1,,,,,,,
130,Russ Courtnall,32,LAK,RW,58,12,6,18,-2,27,1.4,7,1,4,4,3,3,0,97,12.4,,,,,,,
160,Gerald Diduck,32,PHX,D,78,8,10,18,14,118,5.5,7,1,0,4,9,0,1,104,7.7,,,,,,,
171,Shean Donovan,23,TOT,RW,67,8,10,18,6,70,1.2,8,0,0,0,10,0,0,81,9.9,,,,,,,
179,Steve Dubinsky,27,CHI,C,82,5,13,18,-6,57,0.2,4,0,1,0,10,0,3,112,4.5,,,,,,,
192,Pat Falloon,25,TOT,RW,58,8,10,18,-8,16,1,5,3,0,0,6,4,0,136,5.9,,,,,,,
201,Tom Fitzgerald,29,TOT,C,80,12,6,18,-4,79,0.9,10,0,2,1,6,0,0,119,10.1,,,,,,,
214,Bruce Gardiner,25,OTT,C,55,7,11,18,2,50,1.5,7,0,0,0,11,0,0,64,10.9,,,,,,,
312,Mike Keane,30,NYR,RW,70,8,10,18,-12,47,0.6,6,2,0,0,8,2,0,113,7.1,,,,,,,
414,Josef Marha,21,TOT,LW,23,9,9,18,4,4,2.4,6,3,0,0,5,4,0,31,29,,,,,,,
422,Richard Matvichuk,24,DAL,D,74,3,15,18,7,63,5.6,3,0,0,0,13,2,0,71,4.2,,,,,,,
429,Sandy McCarthy,25,TOT,RW,66,8,10,18,-19,241,0.3,7,1,0,1,6,4,0,94,8.5,,,,,,,
459,Ethan Moreau,22,CHI,LW,54,9,9,18,0,73,1.5,7,2,0,0,9,0,0,87,10.3,,,,,,,
475,Rem Murray,25,EDM,C,61,9,9,18,-9,39,1,5,2,2,0,6,3,0,59,15.3,,,,,,,
549,Vinny Prospal,22,PHI,C,41,5,13,18,-10,17,0.9,1,4,0,0,8,5,0,60,8.3,,,,,,,
564,Dave Reid,33,DAL,LW,65,6,12,18,-15,14,0.3,3,3,0,1,9,3,0,90,6.7,,,,,,,
643,Mike Sullivan,29,BOS,C,77,5,13,18,-1,34,0.5,5,0,0,2,12,1,0,83,6,,,,,,,
654,Petr Svoboda,31,PHI,D,56,3,15,18,19,83,5.3,1,2,0,0,9,6,0,44,6.8,,,,,,,
683,Darren Turcotte,29,STL,C,62,12,6,18,6,26,1.6,9,3,0,1,4,1,1,75,16,,,,,,,
718,Brad Werenka,28,PIT,D,71,3,15,18,15,46,5.6,1,2,0,0,9,4,2,50,6,,,,,,,
11,Mikael Andersson,31,TBL,LW,72,6,11,17,-4,29,0.7,5,0,1,1,9,0,2,105,5.7,,,,,,,
114,Dino Ciccarelli*,37,TBL,RW,34,11,6,17,-14,42,1.7,8,3,0,3,5,1,0,104,10.6,,,,,,,
144,J.J. Daigneault,32,MDA,D,53,2,15,17,-10,28,2.2,1,1,0,1,7,8,0,74,2.7,,,,,,,
146,Mathieu Dandenault,21,DET,RW,68,5,12,17,5,43,0.6,5,0,0,0,12,0,0,75,6.7,,,,,,,
193,Sergei Fedorov*,28,DET,RW,21,6,11,17,10,25,2.2,4,2,0,2,9,2,0,68,8.8,,,,,,,
203,Adam Foote,26,COL,D,77,3,14,17,-3,124,3.9,3,0,0,1,12,1,1,64,4.7,,,,,,,
285,Brad Isbister,20,PHX,LW,66,9,8,17,4,102,1,8,1,0,1,7,1,0,115,7.8,,,,,,,
388,Trevor Linden,27,NYI,RW,25,10,7,17,-1,33,2.3,5,3,2,1,3,3,1,59,16.9,,,,,,,
469,Gord Murphy,30,FLA,D,79,6,11,17,-3,46,3.7,3,3,0,0,8,1,2,123,4.9,,,,,,,
500,Jeff Norton,32,TOT,D,56,4,13,17,-32,44,1.2,0,4,0,0,10,3,0,61,6.6,,,,,,,
503,Sean O'Donnell,26,LAK,D,80,2,15,17,7,179,4,2,0,0,1,10,3,2,71,2.8,,,,,,,
520,James Patrick,34,CGY,D,60,6,11,17,-2,26,3.2,5,1,0,1,6,3,2,57,10.5,,,,,,,
595,Geoff Sanderson,25,CAR,LW,40,7,10,17,-4,14,1.4,5,2,0,0,8,2,0,96,7.3,,,,,,,
596,Tomas Sandstrom,33,MDA,LW,77,9,8,17,-25,64,-0.2,6,2,1,0,6,2,0,136,6.6,,,,,,,
616,Chris Simon,26,WSH,LW,28,7,10,17,-1,38,1.8,3,4,0,1,5,5,0,71,9.9,,,,,,,
621,John Slaney,25,PHX,D,55,3,14,17,-3,24,3.1,2,1,0,1,8,6,0,74,4.1,,,,,,,
622,Jiri Slegr,26,PIT,D,73,5,12,17,10,109,5.4,3,1,1,0,7,4,1,131,3.8,,,,,,,
671,Mark Tinordi,31,WSH,D,47,8,9,17,9,39,4.9,7,0,1,0,8,0,1,57,14,,,,,,,
722,Jason Wiemer,21,TBL,LW,67,8,9,17,-9,132,0.9,6,2,0,0,9,0,0,106,7.5,,,,,,,
755,Peter Zezel,32,VAN,C,25,5,12,17,13,2,2.1,3,2,0,1,10,1,1,37,13.5,,,,,,,
57,Radek Bonk,22,OTT,C,65,7,9,16,-13,16,0.5,6,1,0,0,6,3,0,93,7.5,,,,,,,
63,Philippe Boucher,24,LAK,D,45,6,10,16,6,49,3.6,5,1,0,0,8,2,0,80,7.5,,,,,,,
85,Jan Bulis,19,WSH,C,48,5,11,16,-5,18,0.8,5,0,0,0,10,1,0,37,13.5,,,,,,,
114,Dino Ciccarelli*,37,FLA,RW,28,5,11,16,-2,28,1.4,3,2,0,1,7,4,0,57,8.8,,,,,,,
128,Sylvain Cote,32,WSH,D,59,1,15,16,-5,36,3.4,1,0,0,0,13,1,1,83,1.2,,,,,,,
143,Alexandre Daigle,22,OTT,RW,38,7,9,16,-7,8,1.3,3,4,0,2,5,4,0,68,10.3,,,,,,,
168,Hnat Domenichelli,21,CGY,LW,31,9,7,16,4,6,2,8,1,0,1,7,0,0,70,12.9,,,,,,,
178,Ted Drury,26,MDA,LW,73,6,10,16,-10,82,0.1,5,0,1,0,10,0,0,110,5.5,,,,,,,
232,Travis Green,27,MDA,C,22,5,11,16,-10,16,1.3,4,1,0,0,7,4,0,42,11.9,,,,,,,
431,Alyn McCauley,20,TOR,C,60,6,10,16,-7,6,0.6,6,0,0,1,8,2,0,77,7.8,,,,,,,
442,Eric Messier,24,COL,D,62,4,12,16,4,20,4,4,0,0,0,6,6,0,66,6.1,,,,,,,
496,Andrei Nikolishin,24,WSH,C,38,6,10,16,1,14,1.4,5,1,0,1,8,2,0,40,15,,,,,,,
530,Chris Phillips,19,OTT,D,72,5,11,16,2,38,5.1,3,2,0,2,5,6,0,107,4.7,,,,,,,
553,Stephane Quintal,29,MTL,D,71,6,10,16,13,97,4.9,6,0,0,0,10,0,0,88,6.8,,,,,,,
625,Jason Smith,24,TOR,D,81,3,13,16,-5,100,4,3,0,0,0,13,0,0,97,3.1,,,,,,,
655,Don Sweeney,31,BOS,D,59,1,15,16,12,24,4.8,1,0,0,0,14,1,0,55,1.8,,,,,,,
743,Jason York,27,OTT,D,73,3,13,16,8,62,5.4,3,0,0,0,8,5,0,109,2.8,,,,,,,
16,Jason Arnott,23,NJD,RW,35,5,10,15,-8,21,0.9,2,3,0,2,6,4,0,99,5.1,,,,,,,
46,Todd Bertuzzi,22,VAN,LW,22,6,9,15,2,63,1.7,4,1,1,1,5,3,1,39,15.4,,,,,,,
47,Craig Berube,32,WSH,LW,74,6,9,15,-3,189,0.3,6,0,0,0,9,0,0,68,8.8,,,,,,,
50,James Black,28,CHI,RW,52,10,5,15,-8,8,1,7,2,1,3,2,2,1,90,11.1,,,,,,,
99,Keith Carney,27,CHI,D,60,2,13,15,-7,73,3.3,1,0,1,0,11,0,2,53,3.8,,,,,,,
198,Ray Ferraro,33,LAK,C,40,6,9,15,-10,42,0.7,6,0,0,2,6,3,0,45,13.3,,,,,,,
201,Tom Fitzgerald,29,FLA,C,69,10,5,15,-4,57,0.7,9,0,1,1,5,0,0,105,9.5,,,,,,,
234,Mike Grier,23,EDM,RW,66,9,6,15,-3,73,0.8,8,1,0,1,6,0,0,90,10,,,,,,,
247,Roman Hamrlik,23,TBL,D,37,3,12,15,-18,22,1.6,2,1,0,0,2,10,0,86,3.5,,,,,,,
291,Andreas Johansson,24,PIT,RW,50,5,10,15,4,20,1,4,0,1,0,8,1,1,49,10.2,,,,,,,
373,Grant Ledyard,36,VAN,D,49,2,13,15,-2,14,2.3,1,1,0,0,11,1,1,57,3.5,,,,,,,
490,Rob Niedermayer,23,FLA,C,33,8,7,15,-9,41,1.2,3,5,0,2,6,1,0,64,12.5,,,,,,,
558,Mike Rathje,23,SJS,D,81,3,12,15,-4,59,4.1,2,1,0,0,11,1,0,61,4.9,,,,,,,
566,Pascal Rheaume,24,STL,LW,48,6,9,15,4,35,1,5,1,0,0,7,2,0,45,13.3,,,,,,,
591,Ruslan Salei,23,MDA,D,66,5,10,15,7,70,3.9,4,1,0,0,6,4,0,104,4.8,,,,,,,
667,Scott Thornton,27,MTL,C,67,6,9,15,0,158,0.3,5,1,0,1,8,1,0,51,11.8,,,,,,,
717,Chris Wells,22,FLA,LW,61,5,10,15,4,47,0.7,4,0,1,0,6,1,3,57,8.8,,,,,,,
749,Zarley Zalapski,29,TOT,D,63,3,12,15,-13,63,2.1,0,2,1,1,8,4,0,73,4.1,,,,,,,
60,Sebastien Bordeleau,22,MTL,C,53,6,8,14,5,36,0.8,3,2,1,0,4,4,0,55,10.9,,,,,,,
169,Tie Domi,28,TOR,RW,80,4,10,14,-5,365,-0.2,4,0,0,0,10,0,0,72,5.6,,,,,,,
173,Jim Dowd,29,CGY,C,48,6,8,14,10,12,1.2,5,0,1,0,7,1,0,58,10.3,,,,,,,
182,Karl Dykhuis,25,TBL,D,78,5,9,14,-8,110,3.7,4,0,1,0,8,1,0,91,5.5,,,,,,,
199,Viacheslav Fetisov*,39,DET,D,58,2,12,14,4,72,3.4,2,0,0,1,8,4,0,55,3.6,,,,,,,
241,Alexei Gusarov,33,COL,D,72,4,10,14,9,42,4.5,3,0,1,1,8,1,1,47,8.5,,,,,,,
261,Jonas Hoglund,25,CGY,LW,50,6,8,14,-9,16,0.4,6,0,0,0,8,0,0,124,4.8,,,,,,,
323,Jon Klemm,28,COL,D,67,6,8,14,-3,30,3.6,6,0,0,0,8,0,0,60,10,,,,,,,
343,Todd Krygier,32,WSH,RW,45,2,12,14,-3,30,0.5,2,0,0,1,9,3,0,71,2.8,,,,,,,
436,Jay McKee,20,BUF,D,56,1,13,14,-1,42,2.8,1,0,0,0,5,6,2,55,1.8,,,,,,,
446,Kelly Miller,34,WSH,RW,76,7,7,14,-2,41,0.3,4,0,3,3,7,0,0,68,10.3,,,,,,,
556,Paul Ranheim,32,CAR,LW,73,5,9,14,-11,28,-0.2,4,0,1,2,9,0,0,77,6.5,,,,,,,
610,Darrin Shannon,28,PHX,LW,58,2,12,14,4,26,0.2,2,0,0,0,12,0,0,57,3.5,,,,,,,
682,Darcy Tucker,22,TBL,C,35,6,8,14,-8,89,1,4,1,1,0,7,0,1,44,13.6,,,,,,,
692,Darren Van Impe,24,TOT,D,69,3,11,14,-6,40,3.5,1,2,0,0,5,5,1,71,4.2,,,,,,,
77,Jeff Brown,31,CAR,D,32,3,10,13,-1,16,2.5,0,3,0,0,5,5,0,57,5.3,,,,,,,
139,Randy Cunneyworth,36,OTT,LW,71,2,11,13,-14,63,-0.5,1,1,0,0,9,2,0,81,2.5,,,,,,,
324,Mike Knuble,25,DET,RW,53,7,6,13,2,16,0.7,7,0,0,0,6,0,0,54,13,,,,,,,
346,Scott Lachance,25,NYI,D,63,2,11,13,-11,45,2.6,1,1,0,0,9,2,0,62,3.2,,,,,,,
380,Jean-Yves Leroux,21,CHI,LW,66,6,7,13,-2,55,0.3,6,0,0,0,7,0,0,57,10.5,,,,,,,
413,Bryan Marchment,28,TOT,D,61,2,11,13,-3,144,3.2,2,0,0,0,5,4,2,56,3.6,,,,,,,
429,Sandy McCarthy,25,CGY,RW,52,8,5,13,-18,170,0.1,7,1,0,1,2,3,0,68,11.8,,,,,,,
470,Joe Murphy,30,STL,RW,27,4,9,13,8,22,1.3,2,2,0,0,8,1,0,52,7.7,,,,,,,
499,Mattias Norstrom,26,LAK,D,73,1,12,13,14,90,3.9,1,0,0,0,8,4,0,61,1.6,,,,,,,
508,Jeff Odgers,28,COL,RW,68,5,8,13,5,213,0.3,5,0,0,0,8,0,0,47,10.6,,,,,,,
620,Brian Skrudland,34,TOT,C,72,7,6,13,-6,49,0.2,7,0,0,1,6,0,0,55,12.7,,,,,,,
705,Scott Walker,24,VAN,C,59,3,10,13,-8,164,-0.3,2,0,1,1,10,0,0,40,7.5,,,,,,,
711,Todd Warriner,24,TOR,LW,45,5,8,13,5,20,1,5,0,0,1,8,0,0,73,6.8,,,,,,,
762,Andrei Zyuzin,20,SJS,D,56,6,7,13,8,66,4.3,4,2,0,2,5,2,0,72,8.3,,,,,,,
62,Joel Bouchard,24,CGY,D,44,5,7,12,0,57,2.5,4,0,1,1,5,1,1,51,9.8,,,,,,,
89,Shawn Burr,31,SJS,LW,42,6,6,12,2,50,0.9,6,0,0,0,6,0,0,63,9.5,,,,,,,
91,Adam Burt,29,CAR,D,76,1,11,12,-6,106,3,0,0,1,0,10,1,0,51,2,,,,,,,
94,Dan Bylsma,27,LAK,C,65,3,9,12,9,33,0.1,3,0,0,0,8,0,1,57,5.3,,,,,,,
171,Shean Donovan,23,COL,RW,47,5,7,12,3,48,0.6,5,0,0,0,7,0,0,57,8.8,,,,,,,
192,Pat Falloon,25,PHI,RW,30,5,7,12,3,8,1.1,4,1,0,0,4,3,0,63,7.9,,,,,,,
256,Darby Hendrickson,25,TOR,C,80,8,4,12,-20,67,-0.6,8,0,0,0,4,0,0,115,7,,,,,,,
270,Mike Hough,34,NYI,LW,74,5,7,12,-4,27,-0.1,5,0,0,0,7,0,0,44,11.4,,,,,,,
290,Mark Janssens,29,TOT,C,74,5,7,12,-21,154,-0.9,5,0,0,1,7,0,0,53,9.4,,,,,,,
309,Dave Karpa,26,MDA,D,78,1,11,12,-3,217,2.6,1,0,0,0,9,1,1,64,1.6,,,,,,,
311,Darius Kasparaitis,25,PIT,D,81,4,8,12,3,127,4.5,2,0,2,0,6,2,0,71,5.6,,,,,,,
318,Chad Kilger,21,TOT,C,32,3,9,12,0,10,0.7,1,2,0,1,7,2,0,32,9.4,,,,,,,
381,Curtis Leschyshyn,28,CAR,D,73,2,10,12,-2,45,3.4,1,1,0,1,9,1,0,53,3.8,,,,,,,
423,Brad May,26,VAN,LW,27,9,3,12,0,41,1.5,5,4,0,2,2,1,0,56,16.1,,,,,,,
428,Bryan McCabe,22,NYI,D,56,3,9,12,9,145,4,2,1,0,0,6,3,0,81,3.7,,,,,,,
428,Bryan McCabe,22,VAN,D,26,1,11,12,10,64,2.5,0,0,1,0,5,5,1,42,2.4,,,,,,,
440,Marty McSorley,34,SJS,D,56,2,10,12,10,140,4,2,0,0,0,9,0,1,46,4.3,,,,,,,
458,Jay More,29,TOT,D,58,5,7,12,7,61,3.8,4,0,1,0,6,1,0,57,8.8,,,,,,,
544,Wayne Primeau,21,BUF,C,69,6,6,12,9,87,0.3,4,2,0,1,5,1,0,51,11.8,,,,,,,
581,Bob Rouse,33,DET,D,71,1,11,12,-9,57,2.5,1,0,0,0,11,0,0,54,1.9,,,,,,,
594,Ulf Samuelsson,33,NYR,D,73,3,9,12,1,122,4,3,0,0,2,8,1,0,59,5.1,,,,,,,
668,Esa Tikkanen,33,WSH,LW,20,2,10,12,-4,2,0.8,1,1,0,2,6,4,0,33,6.1,,,,,,,
741,Juha Ylonen,25,PHX,C,55,1,11,12,-3,10,-0.3,0,0,1,0,10,0,1,60,1.7,,,,,,,
746,Dmitry Yushkevich,26,TOR,D,72,0,12,12,-13,78,2.4,0,0,0,0,8,4,0,92,0,,,,,,,
752,Valeri Zelepukin,29,EDM,LW,33,2,10,12,-2,57,0.6,2,0,0,0,6,4,0,47,4.3,,,,,,,
7,Jamie Allison,22,CGY,D,43,3,8,11,3,104,2.4,3,0,0,1,6,0,2,27,11.1,,,,,,,
24,Frank Banham,22,MDA,RW,21,9,2,11,-6,12,1.4,8,1,0,0,1,1,0,43,20.9,,,,,,,
153,Greg de Vries,25,EDM,D,65,7,4,11,-17,80,2.6,6,1,0,0,3,0,1,53,13.2,,,,,,,
164,Shane Doan,21,PHX,RW,33,5,6,11,-3,35,0.6,5,0,0,3,5,1,0,42,11.9,,,,,,,
185,Mike Eastwood,30,TOT,C,58,6,5,11,-2,22,0.3,6,0,0,1,5,0,0,38,15.8,,,,,,,
191,Bob Errey,33,TOT,RW,71,2,9,11,2,53,-0.3,2,0,0,0,6,0,3,45,4.4,,,,,,,
191,Bob Errey,33,DAL,RW,59,2,9,11,7,46,0.2,2,0,0,0,6,0,3,34,5.9,,,,,,,
261,Jonas Hoglund,25,MTL,LW,28,6,5,11,2,6,1,2,4,0,0,3,2,0,62,9.7,,,,,,,
318,Chad Kilger,21,CHI,C,22,3,8,11,2,6,1,1,2,0,1,6,2,0,23,13,,,,,,,
326,Joe Kocur,33,DET,RW,63,6,5,11,7,92,0.3,6,0,0,2,4,1,0,53,11.3,,,,,,,
350,Christian Laflamme,21,CHI,D,72,0,11,11,14,59,4.7,0,0,0,0,9,1,1,75,0,,,,,,,
367,Paul Laus,27,FLA,RW,77,0,11,11,-5,293,-1,0,0,0,0,8,2,1,64,0,,,,,,,
402,John MacLean,33,NJD,RW,26,3,8,11,-6,14,0.6,2,1,0,1,5,3,0,74,4.1,,,,,,,
414,Josef Marha,21,MDA,LW,12,7,4,11,4,0,1.8,4,3,0,0,3,1,0,21,33.3,,,,,,,
423,Brad May,26,BUF,LW,36,4,7,11,2,113,0.7,4,0,0,0,7,0,0,41,9.8,,,,,,,
447,Kevin Miller,32,CHI,RW,37,4,7,11,-4,8,0.5,4,0,0,1,7,0,0,37,10.8,,,,,,,
479,Dmitri Nabokov,21,CHI,C,25,7,4,11,-1,10,1.2,4,3,0,2,2,2,0,34,20.6,,,,,,,
552,Deron Quint,21,PHX,D,32,4,7,11,-6,16,1.8,3,1,0,1,2,5,0,61,6.6,,,,,,,
588,Warren Rychel,30,TOT,LW,71,5,6,11,-11,221,-0.6,4,1,0,0,5,1,0,66,7.6,,,,,,,
588,Warren Rychel,30,MDA,LW,63,5,6,11,-10,198,-0.3,4,1,0,0,5,1,0,62,8.1,,,,,,,
619,Jarrod Skalde,26,TOT,C,30,4,7,11,-2,18,0.8,4,0,0,0,5,3,0,34,11.8,,,,,,,
620,Brian Skrudland,34,NYR,C,59,5,6,11,-4,39,0.2,5,0,0,1,6,0,0,42,11.9,,,,,,,
675,Kevin Todd,29,MDA,C,27,4,7,11,-5,12,0.7,1,3,0,1,3,4,0,30,13.3,,,,,,,
694,Vaclav Varada,21,BUF,RW,27,5,6,11,0,15,0.9,5,0,0,1,6,0,0,27,18.5,,,,,,,
44,Bill Berg,30,NYR,C,67,1,9,10,-15,55,-1,1,0,0,0,9,0,0,74,1.4,,,,,,,
45,Marc Bergevin,32,STL,D,81,3,7,10,-2,90,3.2,3,0,0,0,6,0,1,40,7.5,,,,,,,
53,Doug Bodger,31,NJD,D,49,5,5,10,-1,25,3.4,2,3,0,0,3,2,0,55,9.1,,,,,,,
53,Doug Bodger,31,SJS,D,28,4,6,10,0,32,2.3,4,0,0,1,1,5,0,41,9.8,,,,,,,
58,Jason Bonsignore,21,TBL,C,35,2,8,10,-11,22,0.1,2,0,0,0,7,1,0,29,6.9,,,,,,,
90,Randy Burridge,32,BUF,LW,30,4,6,10,0,0,0.6,3,1,0,1,5,0,1,40,10,,,,,,,
185,Mike Eastwood,30,NYR,C,48,5,5,10,-2,16,0.4,5,0,0,0,5,0,0,34,14.7,,,,,,,
239,Bill Guerin,27,NJD,RW,19,5,5,10,0,13,1.1,4,1,0,2,4,1,0,48,10.4,,,,,,,
301,Keith Jones,29,COL,RW,23,3,7,10,-4,22,0.6,2,1,0,2,4,3,0,31,9.7,,,,,,,
310,Alexander Karpovtsev,27,NYR,D,47,3,7,10,-1,38,2.8,2,1,0,1,5,2,0,46,6.5,,,,,,,
375,Sylvain Lefebvre,30,COL,D,81,0,10,10,2,48,3.4,0,0,0,0,7,2,1,66,0,,,,,,,
425,Chris McAlpine,26,STL,D,54,3,7,10,14,36,3.7,3,0,0,0,7,0,0,35,8.6,,,,,,,
458,Jay More,29,PHX,D,41,5,5,10,0,53,2.5,4,0,1,0,4,1,0,40,12.5,,,,,,,
500,Jeff Norton,32,TBL,D,37,4,6,10,-25,26,0.6,0,4,0,0,5,1,0,41,9.8,,,,,,,
541,Patrick Poulin,24,MTL,LW,34,4,6,10,-1,8,0.5,3,0,1,1,4,2,0,39,10.3,,,,,,,
562,Joe Reekie,32,WSH,D,68,2,8,10,15,70,4.8,2,0,0,1,7,0,1,59,3.4,,,,,,,
619,Jarrod Skalde,26,SJS,C,22,4,6,10,-2,14,0.8,4,0,0,0,5,1,0,30,13.3,,,,,,,
629,Sheldon Souray,21,NJD,D,60,3,7,10,18,85,5.1,3,0,0,1,7,0,0,74,4.1,,,,,,,
632,Mike Stapleton,31,PHX,RW,64,5,5,10,-4,36,-0.4,3,1,1,1,3,2,0,69,7.2,,,,,,,
636,Turner Stevenson,25,MTL,RW,63,4,6,10,-8,110,-0.6,3,1,0,0,6,0,0,43,9.3,,,,,,,
676,Jeff Toms,23,TOT,C,46,4,6,10,-17,15,-0.3,4,0,0,1,5,0,1,69,5.8,,,,,,,
688,Igor Ulanov,28,TOT,D,49,2,8,10,-7,97,2.1,1,1,0,0,8,0,0,36,5.6,,,,,,,
692,Darren Van Impe,24,BOS,D,50,2,8,10,4,36,3.4,0,2,0,0,3,4,1,50,4,,,,,,,
706,Aaron Ward,25,DET,D,52,5,5,10,-1,47,2.8,5,0,0,1,5,0,0,47,10.6,,,,,,,
742,Harry York,23,TOT,C,60,4,6,10,-1,31,-0.3,4,0,0,0,6,0,0,44,9.1,,,,,,,
742,Harry York,23,STL,C,58,4,6,10,0,31,-0.2,4,0,0,0,6,0,0,42,9.5,,,,,,,
752,Valeri Zelepukin,29,NJD,LW,35,2,8,10,0,32,0.4,2,0,0,0,7,1,0,54,3.7,,,,,,,
22,Dave Babych,36,TOT,D,53,0,9,9,-9,49,1,0,0,0,0,8,1,0,46,0,,,,,,,
22,Dave Babych,36,VAN,D,47,0,9,9,-11,37,0.7,0,0,0,0,8,1,0,40,0,,,,,,,
37,Brian Bellows,33,WSH,RW,11,6,3,9,-3,6,1.2,1,5,0,2,3,0,0,26,23.1,,,,,,,
54,Lonny Bohonos,24,TOT,RW,37,5,4,9,-8,8,0.1,5,0,0,0,4,0,0,50,10,,,,,,,
77,Jeff Brown,31,TOR,D,19,1,8,9,2,10,1.8,0,1,0,0,2,6,0,30,3.3,,,,,,,
87,Valeri Bure,23,CGY,RW,16,5,4,9,0,2,1.1,5,0,0,1,3,1,0,45,11.1,,,,,,,
128,Sylvain Cote,32,TOR,D,12,3,6,9,2,6,1.8,2,1,0,1,4,2,0,20,15,,,,,,,
133,Cory Cross,27,TBL,D,74,3,6,9,-24,77,1.6,2,0,1,0,5,1,0,72,4.2,,,,,,,
155,Kevin Dean,28,NJD,D,50,1,8,9,12,12,3.9,0,1,0,0,6,1,1,28,3.6,,,,,,,
223,Todd Gill,32,STL,D,11,5,4,9,2,10,1.9,2,3,0,1,3,1,0,22,22.7,,,,,,,
283,Al Iafrate,31,SJS,D,21,2,7,9,-1,28,1.7,0,2,0,0,4,2,1,37,5.4,,,,,,,
290,Mark Janssens,29,MDA,C,55,4,5,9,-22,116,-0.9,4,0,0,1,5,0,0,43,9.3,,,,,,,
342,Paul Kruse,27,TOT,LW,74,7,2,9,-11,187,-0.5,7,0,0,2,2,0,0,52,13.5,,,,,,,
369,Stephen Leach,32,CAR,RW,45,4,5,9,-19,42,-0.5,2,1,1,2,5,0,0,60,6.7,,,,,,,
373,Grant Ledyard,36,BOS,D,22,2,7,9,-2,6,1.8,1,1,0,0,0,7,0,33,6.1,,,,,,,
418,Jason Marshall,26,MDA,D,72,3,6,9,-8,189,2,2,1,0,0,3,3,0,68,4.4,,,,,,,
464,Brendan Morrison,22,NJD,C,11,5,4,9,3,0,1.3,5,0,0,1,3,1,0,19,26.3,,,,,,,
470,Joe Murphy,30,SJS,RW,10,5,4,9,1,14,1.3,3,2,0,0,2,2,0,29,17.2,,,,,,,
472,Chris Murray,23,TOT,RW,53,5,4,9,3,118,0.4,5,0,0,2,4,0,0,51,9.8,,,,,,,
492,Jeff Nielsen,26,MDA,RW,32,4,5,9,-1,16,0.5,4,0,0,0,5,0,0,36,11.1,,,,,,,
495,Janne Niinimaa,22,EDM,D,11,1,8,9,7,6,1.9,0,1,0,0,3,4,1,19,5.3,,,,,,,
531,Michel Picard,28,STL,LW,16,1,8,9,3,29,0.7,1,0,0,0,8,0,0,19,5.3,,,,,,,
533,Lance Pitlick,30,OTT,D,69,2,7,9,8,50,4.4,2,0,0,0,7,0,0,66,3,,,,,,,
534,Michal Pivonka,32,WSH,LW,33,3,6,9,5,20,0.6,3,0,0,1,5,1,0,38,7.9,,,,,,,
541,Patrick Poulin,24,TBL,LW,44,2,7,9,-3,19,0.1,2,0,0,0,5,0,2,49,4.1,,,,,,,
551,Jamie Pushor,24,TOT,D,64,2,7,9,3,81,2.9,2,0,0,0,7,0,0,51,3.9,,,,,,,
570,Stephane Richer,31,MTL,LW,14,5,4,9,1,5,1.1,3,2,0,0,3,1,0,24,20.8,,,,,,,
595,Geoff Sanderson,25,BUF,LW,26,4,5,9,6,20,0.9,4,0,0,2,3,2,0,72,5.6,,,,,,,
650,Ron Sutter,34,SJS,RW,57,2,7,9,-2,22,-0.4,2,0,0,1,7,0,0,57,3.5,,,,,,,
668,Esa Tikkanen,33,FLA,LW,28,1,8,9,-7,16,0.1,1,0,0,0,4,4,0,34,2.9,,,,,,,
688,Igor Ulanov,28,TBL,D,45,2,7,9,-5,85,2.1,1,1,0,0,7,0,0,32,6.3,,,,,,,
708,Ed Ward,28,CGY,LW,64,4,5,9,-1,122,-0.4,4,0,0,0,5,0,0,52,7.7,,,,,,,
749,Zarley Zalapski,29,CGY,D,35,2,7,9,-12,41,0.8,0,2,0,1,4,3,0,46,4.3,,,,,,,
25,Drew Bannister,23,TOT,D,61,0,8,8,-9,89,1.7,0,0,0,0,7,1,0,50,0,,,,,,,
43,Aki Berg,20,LAK,D,72,0,8,8,3,61,2.4,0,0,0,0,6,2,0,58,0,,,,,,,
98,Terry Carkner,31,FLA,D,74,1,7,8,6,63,2.9,1,0,0,1,7,0,0,34,2.9,,,,,,,
166,Bobby Dollas,33,TOT,D,52,2,6,8,-6,49,1.9,2,0,0,0,3,3,0,38,5.3,,,,,,,
219,Martin Gelinas,27,VAN,LW,24,4,4,8,-6,10,0.4,2,1,1,1,2,1,1,49,8.2,,,,,,,
246,Kevin Haller,27,CAR,D,65,3,5,8,-5,94,2.6,3,0,0,0,4,1,0,67,4.5,,,,,,,
273,Tony Hrkac,31,DAL,C,13,5,3,8,0,0,1,2,3,0,0,2,1,0,14,35.7,,,,,,,
277,Jody Hull,28,TOT,RW,49,4,4,8,3,8,0.2,3,0,1,2,3,0,1,51,7.8,,,,,,,
349,Nathan LaFayette,24,LAK,C,34,5,3,8,2,32,0.5,4,1,0,1,3,0,0,60,8.3,,,,,,,
394,Dave Lowry,32,TOT,LW,57,4,4,8,-1,53,-0.2,4,0,0,1,4,0,0,51,7.8,,,,,,,
394,Dave Lowry,32,SJS,LW,50,4,4,8,0,51,0,4,0,0,1,4,0,0,47,8.5,,,,,,,
400,Norm Maciver,33,PHX,D,41,2,6,8,-11,38,1.1,1,0,1,0,4,2,0,37,5.4,,,,,,,
409,Kent Manderville,26,CAR,C,77,4,4,8,-6,31,-0.8,4,0,0,0,3,0,1,80,5,,,,,,,
437,Steve McKenna,24,LAK,LW,62,4,4,8,-9,150,-0.8,3,1,0,0,4,0,0,42,9.5,,,,,,,
472,Chris Murray,23,OTT,RW,46,5,3,8,1,96,0.4,5,0,0,2,3,0,0,48,10.4,,,,,,,
538,Rudy Poeschek,31,STL,D,50,1,7,8,-5,64,1.8,1,0,0,0,7,0,0,29,3.4,,,,,,,
539,Peter Popovic,29,MTL,D,69,2,6,8,-6,38,2.2,2,0,0,0,6,0,0,40,5,,,,,,,
554,Yves Racine,28,TBL,D,60,0,8,8,-23,41,0.8,0,0,0,0,3,5,0,76,0,,,,,,,
635,Jeremy Stevenson,23,MDA,LW,45,3,5,8,-4,101,-0.2,3,0,0,1,5,0,0,43,7,,,,,,,
649,Brent Sutter,35,CHI,RW,52,2,6,8,-6,28,-0.4,1,0,1,0,4,1,1,43,4.7,,,,,,,
726,Mike Wilson,22,BUF,D,66,4,4,8,13,48,3.9,4,0,0,1,4,0,0,52,7.7,,,,,,,
727,Brendan Witt,22,WSH,D,64,1,7,8,-11,112,2.3,1,0,0,0,5,1,1,68,1.5,,,,,,,
759,Doug Zmolek,27,LAK,D,46,0,8,8,0,111,1.7,0,0,0,0,7,0,1,23,0,,,,,,,
29,Bob Bassen,32,DAL,LW,58,3,4,7,-4,57,-0.5,3,0,0,1,4,0,0,40,7.5,,,,,,,
41,Drake Berehowsky,26,EDM,D,67,1,6,7,1,169,3,0,1,0,1,5,1,0,58,1.7,,,,,,,
67,Brian Bradley,33,TBL,C,14,2,5,7,-9,6,0.3,0,2,0,0,3,2,0,24,8.3,,,,,,,
99,Keith Carney,27,PHX,D,20,1,6,7,5,18,1.7,0,1,0,0,4,2,0,18,5.6,,,,,,,
106,Kelly Chase,30,STL,RW,67,4,3,7,10,231,-0.3,4,0,0,1,3,0,0,29,13.8,,,,,,,
166,Bobby Dollas,33,EDM,D,30,2,5,7,6,22,2.4,2,0,0,0,2,3,0,27,7.4,,,,,,,
167,Robert Dome,19,PIT,RW,30,5,2,7,-1,12,0.4,4,1,0,0,2,0,0,29,17.2,,,,,,,
196,Chris Ferraro,25,PIT,LW,46,3,4,7,-2,43,-0.2,3,0,0,0,3,1,0,42,7.1,,,,,,,
197,Peter Ferraro,25,TOT,RW,30,3,4,7,-4,14,0.1,3,0,0,0,3,1,0,37,8.1,,,,,,,
197,Peter Ferraro,25,PIT,RW,29,3,4,7,-2,12,0.2,3,0,0,0,3,1,0,34,8.8,,,,,,,
200,Jeff Finley,30,NYR,D,63,1,6,7,-3,55,2.7,1,0,0,0,5,1,0,32,3.1,,,,,,,
235,Stu Grimson,32,CAR,LW,82,3,4,7,0,204,-0.9,3,0,0,1,4,0,0,17,17.6,,,,,,,
259,Sean Hill,27,TOT,D,55,1,6,7,-5,54,2.1,1,0,0,0,5,1,0,53,1.9,,,,,,,
335,Viktor Kozlov,22,SJS,C,18,5,2,7,-2,2,0.7,3,2,0,0,2,0,0,51,9.8,,,,,,,
342,Paul Kruse,27,NYI,LW,62,6,1,7,-12,138,-0.5,6,0,0,2,1,0,0,44,13.6,,,,,,,
395,Craig Ludwig,36,DAL,D,80,0,7,7,21,131,5.5,0,0,0,0,6,0,1,46,0,,,,,,,
401,Don MacLean,21,LAK,C,22,5,2,7,-1,4,0.6,3,2,0,0,2,0,0,25,20,,,,,,,
403,Jamie Macoun,36,TOT,D,74,0,7,7,-17,65,1.6,0,0,0,0,7,0,0,78,0,,,,,,,
403,Jamie Macoun,36,TOR,D,67,0,7,7,-17,63,1.4,0,0,0,0,7,0,0,67,0,,,,,,,
414,Josef Marha,21,COL,LW,11,2,5,7,0,4,0.6,2,0,0,0,2,3,0,10,20,,,,,,,
415,Danny Markov,21,TOR,D,25,2,5,7,0,28,1.7,1,1,0,0,4,1,0,15,13.3,,,,,,,
438,Jim McKenzie,28,PHX,LW,64,3,4,7,-7,146,-1,3,0,0,0,4,0,0,35,8.6,,,,,,,
451,Dmitri Mironov,32,DET,D,11,2,5,7,0,4,1.2,1,1,0,0,2,3,0,28,7.1,,,,,,,
457,Ian Moran,25,PIT,RW,37,1,6,7,0,19,-0.1,1,0,0,1,6,0,0,33,3,,,,,,,
476,Dana Murzyn,31,VAN,D,31,5,2,7,-3,42,1.4,5,0,0,2,2,0,0,29,17.2,,,,,,,
500,Jeff Norton,32,FLA,D,19,0,7,7,-7,18,0.6,0,0,0,0,5,2,0,20,0,,,,,,,
515,Joel Otto,36,PHI,C,68,3,4,7,-2,78,-0.8,3,0,0,0,3,0,1,53,5.7,,,,,,,
532,Rich Pilon,29,NYI,D,76,0,7,7,1,291,3.1,0,0,0,0,7,0,0,37,0,,,,,,,
549,Vinny Prospal,22,OTT,C,15,1,6,7,-1,4,0.5,1,0,0,0,3,3,0,28,3.6,,,,,,,
551,Jamie Pushor,24,DET,D,54,2,5,7,2,71,2.5,2,0,0,0,5,0,0,43,4.7,,,,,,,
631,Steve Staios,24,VAN,RW,77,3,4,7,-3,134,-1.2,3,0,0,1,4,0,0,45,6.7,,,,,,,
660,Chris Tamer,27,PIT,D,79,0,7,7,4,181,3.6,0,0,0,0,6,1,0,55,0,,,,,,,
666,Joe Thornton,18,BOS,C,55,3,4,7,-6,19,-0.5,3,0,0,1,3,1,0,33,9.1,,,,,,,
676,Jeff Toms,23,WSH,C,33,3,4,7,-11,8,-0.2,3,0,0,1,3,0,1,55,5.5,,,,,,,
680,Pavel Trnka,21,MDA,D,48,3,4,7,-4,40,1.6,2,1,0,0,1,3,0,46,6.5,,,,,,,
723,David Wilkie,23,TOT,D,34,2,5,7,-22,21,0.2,2,0,0,1,2,3,0,48,4.2,,,,,,,
735,Tyler Wright,24,PIT,C,82,3,4,7,-3,112,-1.1,2,1,0,0,4,0,0,46,6.5,,,,,,,
754,Rob Zettler,29,TOR,D,59,0,7,7,-8,108,1.9,0,0,0,0,5,2,0,28,0,,,,,,,
19,Adrian Aucoin,24,VAN,D,35,3,3,6,-4,21,1.1,2,1,0,1,3,0,0,44,6.8,,,,,,,
25,Drew Bannister,23,MDA,D,27,0,6,6,-2,47,1,0,0,0,0,6,0,0,23,0,,,,,,,
28,Murray Baron,30,PHX,D,45,1,5,6,-10,106,1,1,0,0,0,5,0,0,23,4.3,,,,,,,
31,Bates Battaglia,22,CAR,C,33,2,4,6,-1,10,0,2,0,0,1,4,0,0,21,9.5,,,,,,,
54,Lonny Bohonos,24,TOR,RW,6,3,3,6,1,4,0.8,3,0,0,0,3,0,0,13,23.1,,,,,,,
55,Brad Bombardir,25,NJD,D,43,1,5,6,11,8,3.3,1,0,0,0,5,0,0,16,6.3,,,,,,,
77,Jeff Brown,31,WSH,D,9,0,6,6,4,6,1.2,0,0,0,0,2,4,0,15,0,,,,,,,
144,J.J. Daigneault,32,NYI,D,18,0,6,6,1,21,1.3,0,0,0,0,4,2,0,18,0,,,,,,,
163,Chris Dingman,21,CGY,LW,70,3,3,6,-11,149,-1.4,2,1,0,0,3,0,0,47,6.4,,,,,,,
171,Shean Donovan,23,SJS,RW,20,3,3,6,3,22,0.6,3,0,0,0,3,0,0,24,12.5,,,,,,,
192,Pat Falloon,25,OTT,RW,28,3,3,6,-11,8,-0.1,1,2,0,0,2,1,0,73,4.1,,,,,,,
222,Hal Gill,22,BOS,D,68,2,4,6,4,47,3.6,2,0,0,0,4,0,0,56,3.6,,,,,,,
243,Per Gustafsson,27,TOT,D,31,1,5,6,-2,16,1.6,1,0,0,0,2,3,0,36,2.8,,,,,,,
268,Doug Houda,31,TOT,D,55,2,4,6,-11,99,1.4,1,0,1,0,3,1,0,24,8.3,,,,,,,
277,Jody Hull,28,TBL,RW,28,2,4,6,2,4,0.3,2,0,0,2,3,0,1,28,7.1,,,,,,,
296,Matt Johnson,22,LAK,LW,66,2,4,6,-8,249,-1.3,2,0,0,0,4,0,0,18,11.1,,,,,,,
320,Kris King,31,TOR,LW,82,3,3,6,-13,199,-1.5,3,0,0,2,3,0,0,53,5.7,,,,,,,
322,Ken Klee,26,WSH,RW,51,4,2,6,-3,46,-0.3,4,0,0,1,2,0,0,44,9.1,,,,,,,
356,Darren Langdon,27,NYR,LW,70,3,3,6,0,197,-0.6,3,0,0,0,3,0,0,15,20,,,,,,,
378,Jocelyn Lemieux,30,PHX,RW,30,3,3,6,0,27,0.1,2,1,0,0,3,0,0,32,9.4,,,,,,,
413,Bryan Marchment,28,TBL,D,22,2,4,6,-3,43,1.2,2,0,0,0,1,1,2,20,10,,,,,,,
433,Dan McGillis,25,PHI,D,13,1,5,6,-4,35,0.8,0,1,0,0,2,2,1,18,5.6,,,,,,,
529,Michel Petit,33,PHX,D,32,4,2,6,-4,77,1.4,3,1,0,0,1,1,0,34,11.8,,,,,,,
546,Martin Prochazka,25,TOR,LW,29,2,4,6,-1,8,0.1,2,0,0,0,3,1,0,40,5,,,,,,,
559,Rob Ray,29,BUF,RW,63,2,4,6,2,234,-0.8,1,1,0,1,4,0,0,19,10.5,,,,,,,
568,Steven Rice,26,CAR,RW,47,2,4,6,-16,38,-0.9,2,0,0,0,3,1,0,39,5.1,,,,,,,
571,Jamie Rivers,22,STL,D,59,2,4,6,5,36,2.6,1,1,0,1,3,1,0,53,3.8,,,,,,,
575,Bert Robertsson,23,VAN,LW,30,2,4,6,2,24,0.1,2,0,0,0,4,0,0,19,10.5,,,,,,,
589,Joe Sacco,28,NYI,LW,25,3,3,6,1,10,0.4,3,0,0,0,3,0,0,32,9.4,,,,,,,
601,Marc Savard,20,NYR,C,28,1,5,6,-4,4,-0.1,1,0,0,0,2,3,0,32,3.1,,,,,,,
614,Ray Sheppard,31,CAR,RW,10,4,2,6,2,2,0.9,2,2,0,1,1,1,0,33,12.1,,,,,,,
618,Todd Simpson,24,CGY,D,53,1,5,6,-10,109,0.8,1,0,0,1,4,0,1,51,2,,,,,,,
678,Yannick Tremblay,22,TOR,D,38,2,4,6,-6,6,1.5,1,1,0,0,2,2,0,45,4.4,,,,,,,
682,Darcy Tucker,22,MTL,C,39,1,5,6,-6,57,-0.6,1,0,0,0,5,0,0,19,5.3,,,,,,,
700,Jan Vopat,24,LAK,D,21,1,5,6,8,10,1.7,1,0,0,1,4,1,0,13,7.7,,,,,,,
703,Vladimir Vujtek,25,TBL,C,30,2,4,6,-2,16,0.1,2,0,0,1,4,0,0,44,4.5,,,,,,,
723,David Wilkie,23,TBL,D,29,1,5,6,-21,17,0,1,0,0,0,2,3,0,46,2.2,,,,,,,
724,Neil Wilkinson,30,PIT,D,34,2,4,6,0,24,1.9,1,1,0,0,2,1,1,19,10.5,,,,,,,
725,Landon Wilson,22,BOS,RW,28,1,5,6,3,7,0.2,1,0,0,0,3,2,0,26,3.8,,,,,,,
734,Jamie Wright,21,DAL,LW,21,4,2,6,8,2,0.8,4,0,0,2,2,0,0,15,26.7,,,,,,,
749,Zarley Zalapski,29,MTL,D,28,1,5,6,-1,22,1.3,0,0,1,0,4,1,0,27,3.7,,,,,,,
23,Jamie Baker,31,TOR,C,13,0,5,5,1,10,0.3,0,0,0,0,5,0,0,16,0,,,,,,,
48,Jeff Beukeboom,32,NYR,D,63,0,5,5,-25,195,0.7,0,0,0,0,5,0,0,23,0,,,,,,,
83,Sergei Brylin,24,NJD,C,18,2,3,5,4,0,0.4,2,0,0,0,3,0,0,20,10,,,,,,,
159,Boyd Devereaux,19,EDM,C,38,1,4,5,-5,6,-0.5,1,0,0,0,4,0,0,27,3.7,,,,,,,
215,Johan Garpenlov,29,FLA,LW,39,2,3,5,-6,8,-0.5,2,0,0,0,3,0,0,43,4.7,,,,,,,
218,Aaron Gavey,23,CGY,C,26,2,3,5,-5,24,-0.2,2,0,0,1,3,0,0,27,7.4,,,,,,,
243,Per Gustafsson,27,TOR,D,22,1,4,5,-5,10,0.9,1,0,0,0,1,3,0,24,4.2,,,,,,,
259,Sean Hill,27,CAR,D,42,0,5,5,-2,48,1.6,0,0,0,0,4,1,0,37,0,,,,,,,
312,Mike Keane,30,DAL,RW,13,2,3,5,0,5,0.4,2,0,0,1,3,0,0,15,13.3,,,,,,,
314,Steve Kelly,21,TOT,C,43,2,3,5,-13,23,-0.7,1,1,0,0,3,0,0,22,9.1,,,,,,,
332,Alexander Korolyuk,22,SJS,C,19,2,3,5,-5,6,0.1,1,1,0,0,3,0,0,23,8.7,,,,,,,
347,Daniel Lacroix,28,PHI,C,56,1,4,5,0,135,-0.9,1,0,0,0,4,0,0,28,3.6,,,,,,,
386,Juha Lind,24,DAL,LW,39,2,3,5,4,6,-0.1,2,0,0,0,3,0,0,27,7.4,,,,,,,
429,Sandy McCarthy,25,TBL,RW,14,0,5,5,-1,71,0.2,0,0,0,0,4,1,0,26,0,,,,,,,
509,Gino Odjick,27,TOT,LW,48,3,2,5,-2,212,-0.5,3,0,0,1,2,0,0,52,5.8,,,,,,,
509,Gino Odjick,27,VAN,LW,35,3,2,5,-3,181,-0.2,3,0,0,1,2,0,0,36,8.3,,,,,,,
513,Krzysztof Oliwa,24,NJD,RW,73,2,3,5,3,295,-0.9,2,0,0,2,3,0,0,53,3.8,,,,,,,
528,Brent Peterson,25,TBL,LW,19,5,0,5,-2,2,0.6,5,0,0,0,0,0,0,15,33.3,,,,,,,
557,Erik Rasmussen,20,BUF,C,21,2,3,5,2,14,0.2,2,0,0,0,3,0,0,28,7.1,,,,,,,
569,Luke Richardson,28,PHI,D,81,2,3,5,7,139,3.7,0,2,0,0,3,0,0,57,3.5,,,,,,,
617,Reid Simpson,28,TOT,LW,44,3,2,5,-3,118,-0.3,2,1,0,0,2,0,0,24,12.5,,,,,,,
617,Reid Simpson,28,CHI,LW,38,3,2,5,-1,102,-0.1,2,1,0,0,2,0,0,19,15.8,,,,,,,
638,P.J. Stock,22,NYR,C,38,2,3,5,4,114,0,2,0,0,1,3,0,0,9,22.2,,,,,,,
653,Jaroslav Svejkovsky,21,WSH,RW,17,4,1,5,-5,10,0.3,2,2,0,1,0,1,0,29,13.8,,,,,,,
722,Jason Wiemer,21,CGY,LW,12,4,1,5,-1,28,0.6,3,1,0,2,1,0,0,16,25,,,,,,,
36,Ken Belanger,23,NYI,LW,37,3,1,4,1,101,-0.1,3,0,0,1,1,0,0,10,30,,,,,,,
64,Bob Boughner,26,BUF,D,69,1,3,4,5,165,2.6,1,0,0,0,3,0,0,26,3.8,,,,,,,
115,Enrico Ciccone,27,TOT,D,39,0,4,4,-2,175,1.2,0,0,0,0,3,1,0,22,0,,,,,,,
123,David Cooper,24,TOR,D,9,0,4,4,2,8,0.8,0,0,0,0,4,0,0,13,0,,,,,,,
135,Mike Crowley,22,MDA,D,8,2,2,4,0,8,0.8,2,0,0,1,2,0,0,17,11.8,,,,,,,
183,Mike Eagles,34,WSH,LW,36,1,3,4,-2,16,-0.4,1,0,0,0,3,0,0,25,4,,,,,,,
194,Brian Felsner,25,CHI,LW,12,1,3,4,0,12,0.2,1,0,0,0,3,0,0,14,7.1,,,,,,,
275,Joe Hulbig,24,EDM,LW,17,2,2,4,-1,2,0.2,2,0,0,1,1,1,0,8,25,,,,,,,
281,Jamie Huscroft,31,TOT,D,51,0,4,4,-2,177,1.6,0,0,0,0,4,0,0,26,0,,,,,,,
300,Jean-Francois Jomphe,25,MDA,C,9,1,3,4,1,8,0.3,1,0,0,0,3,0,0,8,12.5,,,,,,,
384,Doug Lidster,37,NYR,D,36,0,4,4,2,24,1.8,0,0,0,0,4,0,0,25,0,,,,,,,
387,Johan Lindbom,26,NYR,LW,38,1,3,4,4,28,-0.2,1,0,0,0,3,0,0,38,2.6,,,,,,,
413,Bryan Marchment,28,EDM,D,27,0,4,4,-2,58,1.1,0,0,0,0,2,2,0,23,0,,,,,,,
444,Craig Millar,21,EDM,D,11,4,0,4,-3,8,1,3,1,0,0,0,0,0,10,40,,,,,,,
445,Aaron Miller,26,COL,D,55,2,2,4,0,51,2.1,2,0,0,0,2,0,0,29,6.9,,,,,,,
448,Kip Miller,28,NYI,C,9,1,3,4,-2,2,0.2,1,0,0,0,2,1,0,11,9.1,,,,,,,
482,Andrei Nazarov,23,TOT,RW,54,2,2,4,-13,170,-1.2,2,0,0,0,2,0,0,50,4,,,,,,,
484,Stan Neckar,22,OTT,D,60,2,2,4,-14,31,1.8,2,0,0,0,2,0,0,43,4.7,,,,,,,
518,Jay Pandolfo,23,NJD,LW,23,1,3,4,-4,4,-0.2,1,0,0,0,3,0,0,23,4.3,,,,,,,
567,Mike Ricci,26,COL,C,6,0,4,4,0,2,0.3,0,0,0,0,4,0,0,5,0,,,,,,,
607,Brent Severyn,31,MDA,LW,37,1,3,4,-3,133,-0.5,1,0,0,0,3,0,0,27,3.7,,,,,,,
627,Brad Smyth,24,TOT,RW,10,1,3,4,-1,4,0.2,1,0,0,0,1,2,0,13,7.7,,,,,,,
627,Brad Smyth,24,LAK,RW,9,1,3,4,-1,4,0.2,1,0,0,0,1,2,0,12,8.3,,,,,,,
658,Michal Sykora,24,CHI,D,28,1,3,4,-10,12,0.7,1,0,0,0,1,2,0,35,2.9,,,,,,,
692,Darren Van Impe,24,MDA,D,19,1,3,4,-10,4,0.1,1,0,0,0,2,1,0,21,4.8,,,,,,,
702,Vladimir Vorobiev,25,NYR,RW,15,2,2,4,-10,6,-0.1,2,0,0,1,0,2,0,27,7.4,,,,,,,
710,Rhett Warrener,22,FLA,D,79,0,4,4,-16,99,0.7,0,0,0,0,4,0,0,66,0,,,,,,,
721,Ray Whitney,25,EDM,LW,9,1,3,4,-1,0,0.3,1,0,0,0,1,2,0,19,5.3,,,,,,,
10,Erik Andersson,26,CGY,C,12,2,1,3,-4,8,0.1,2,0,0,0,1,0,0,11,18.2,,,,,,,
38,Jan Benda,25,WSH,C,9,0,3,3,1,6,0.1,0,0,0,0,3,0,0,8,0,,,,,,,
54,Lonny Bohonos,24,VAN,RW,31,2,1,3,-9,4,-0.7,2,0,0,0,1,0,0,37,5.4,,,,,,,
69,Rich Brennan,25,SJS,D,11,1,2,3,-4,2,0.5,0,1,0,0,1,1,0,24,4.2,,,,,,,
95,Eric Cairns,23,NYR,D,39,0,3,3,-3,92,1.4,0,0,0,0,3,0,0,17,0,,,,,,,
115,Enrico Ciccone,27,CAR,D,14,0,3,3,3,83,0.9,0,0,0,0,3,0,0,8,0,,,,,,,
134,Phil Crowe,27,OTT,RW,9,3,0,3,3,24,0.5,3,0,0,1,0,0,0,6,50,,,,,,,
137,Jassen Cullimore,25,TOT,D,28,1,2,3,-4,26,0.9,0,1,0,0,0,1,1,18,5.6,,,,,,,
137,Jassen Cullimore,25,TBL,D,25,1,2,3,-4,22,0.8,0,1,0,0,0,1,1,17,5.9,,,,,,,
149,Scott Daniels,28,NJD,LW,26,0,3,3,1,102,-0.3,0,0,0,0,3,0,0,17,0,,,,,,,
151,Jason Dawe,24,NYI,RW,13,1,2,3,-2,6,0,1,0,0,0,2,0,0,19,5.3,,,,,,,
156,Louie DeBrusk,26,TBL,LW,54,1,2,3,-2,166,-0.8,1,0,0,0,2,0,0,14,7.1,,,,,,,
177,John Druce,31,PHI,RW,23,1,2,3,0,2,-0.2,1,0,0,0,2,0,0,18,5.6,,,,,,,
201,Tom Fitzgerald,29,COL,C,11,2,1,3,0,22,0.2,1,0,1,0,1,0,0,14,14.3,,,,,,,
237,Tuomas Gronman,23,PIT,D,22,1,2,3,3,25,1.4,0,1,0,1,0,2,0,33,3,,,,,,,
268,Doug Houda,31,NYI,D,31,1,2,3,-6,47,0.9,1,0,0,0,1,1,0,15,6.7,,,,,,,
268,Doug Houda,31,MDA,D,24,1,2,3,-5,52,0.5,0,0,1,0,2,0,0,9,11.1,,,,,,,
281,Jamie Huscroft,31,TBL,D,44,0,3,3,-4,122,1.3,0,0,0,0,3,0,0,21,0,,,,,,,
290,Mark Janssens,29,PHX,C,7,1,2,3,4,4,0.4,1,0,0,0,2,0,0,6,16.7,,,,,,,
295,Jim Johnson,35,PHX,D,16,2,1,3,0,18,0.9,2,0,0,0,1,0,0,17,11.8,,,,,,,
313,Dan Keczmer,29,DAL,D,17,1,2,3,5,26,1.5,1,0,0,0,2,0,0,9,11.1,,,,,,,
314,Steve Kelly,21,TBL,C,24,2,1,3,-9,15,-0.3,1,1,0,0,1,0,0,17,11.8,,,,,,,
325,Espen Knutsen,26,MDA,C,19,3,0,3,-10,6,-0.2,2,1,0,0,0,0,0,21,14.3,,,,,,,
344,Pavel Kubina,20,TBL,D,10,1,2,3,-1,22,0.6,1,0,0,0,2,0,0,8,12.5,,,,,,,
379,Francois Leroux,27,COL,LW,50,1,2,3,-3,140,-1,1,0,0,0,2,0,0,14,7.1,,,,,,,
413,Bryan Marchment,28,SJS,D,12,0,3,3,2,43,0.8,0,0,0,0,2,1,0,13,0,,,,,,,
424,Chris McAllister,22,VAN,D,36,1,2,3,-12,106,-0.1,1,0,0,0,2,0,0,15,6.7,,,,,,,
449,Craig Mills,21,CHI,RW,20,0,3,3,1,34,-0.1,0,0,0,0,3,0,0,5,0,,,,,,,
477,Frantisek Musil,33,EDM,D,17,1,2,3,1,8,1,0,0,1,1,2,0,0,8,12.5,,,,,,,
545,Bob Probert,32,CHI,LW,14,2,1,3,-7,48,-0.1,0,2,0,0,1,0,0,18,11.1,,,,,,,
593,Kjell Samuelsson,39,PHI,D,49,0,3,3,9,28,2.5,0,0,0,0,3,0,0,23,0,,,,,,,
595,Geoff Sanderson,25,VAN,LW,9,0,3,3,-1,4,0,0,0,0,0,3,0,0,29,0,,,,,,,
676,Jeff Toms,23,TBL,C,13,1,2,3,-6,7,-0.1,1,0,0,0,2,0,0,14,7.1,,,,,,,
690,Garry Valk,30,PIT,LW,39,2,1,3,-3,33,-0.6,2,0,0,0,0,0,1,32,6.3,,,,,,,
697,Dennis Vaske,30,NYI,D,19,0,3,3,2,12,1,0,0,0,0,3,0,0,16,0,,,,,,,
701,Roman Vopat,21,LAK,C,25,0,3,3,-7,55,-0.7,0,0,0,0,3,0,0,36,0,,,,,,,
713,Mike Watt,21,EDM,C,14,1,2,3,-4,4,-0.1,1,0,0,1,1,1,0,14,7.1,,,,,,,
755,Peter Zezel,32,NJD,C,5,0,3,3,2,0,0.3,0,0,0,0,3,0,0,3,0,,,,,,,
15,Derek Armstrong,24,OTT,C,9,2,0,2,1,9,0.3,2,0,0,1,0,0,0,8,25,,,,,,,
25,Drew Bannister,23,EDM,D,34,0,2,2,-7,42,0.7,0,0,0,0,1,1,0,27,0,,,,,,,
30,Shawn Bates,22,BOS,C,13,2,0,2,-3,2,0,2,0,0,0,0,0,0,12,16.7,,,,,,,
35,Wade Belak,21,COL,D,8,1,1,2,-3,27,0.3,1,0,0,1,1,0,0,2,50,,,,,,,
74,Paul Brousseau,24,TBL,RW,11,0,2,2,0,27,0,0,0,0,0,2,0,0,6,0,,,,,,,
107,Vladimir Chebaturkin,22,NYI,D,2,0,2,2,-1,0,0.2,0,0,0,0,2,0,0,0,,,,,,,,
122,Brandon Convery,23,VAN,C,7,0,2,2,0,0,0,0,0,0,0,1,1,0,2,0,,,,,,,
138,Jim Cummins,27,TOT,RW,75,0,2,2,-16,225,-2.3,0,0,0,0,2,0,0,43,0,,,,,,,
138,Jim Cummins,27,CHI,RW,55,0,2,2,-9,178,-1.4,0,0,0,0,2,0,0,33,0,,,,,,,
225,Yan Golubovsky,21,DET,D,12,0,2,2,1,6,0.6,0,0,0,0,2,0,0,9,0,,,,,,,
227,Daniel Goneau,22,NYR,LW,11,2,0,2,-4,4,0,2,0,0,1,0,0,0,13,15.4,,,,,,,
240,Steve Guolla,24,SJS,LW,7,1,1,2,-2,0,0.1,1,0,0,0,0,1,0,9,11.1,,,,,,,
245,Steven Halko,23,CAR,D,18,0,2,2,-1,10,0.6,0,0,0,0,2,0,0,7,0,,,,,,,
259,Sean Hill,27,OTT,D,13,1,1,2,-3,6,0.6,1,0,0,0,1,0,0,16,6.3,,,,,,,
277,Jody Hull,28,FLA,RW,21,2,0,2,1,4,-0.1,1,0,1,0,0,0,0,23,8.7,,,,,,,
286,Dane Jackson,27,NYI,RW,8,1,1,2,1,4,0.2,1,0,0,1,1,0,0,5,20,,,,,,,
298,Ryan Johnson,21,FLA,C,10,0,2,2,-4,0,-0.2,0,0,0,0,2,0,0,6,0,,,,,,,
314,Steve Kelly,21,EDM,C,19,0,2,2,-4,8,-0.4,0,0,0,0,2,0,0,5,0,,,,,,,
315,Chris Kenady,24,STL,RW,5,0,2,2,1,0,0.1,0,0,0,0,2,0,0,3,0,,,,,,,
330,Dan Kordic,26,PHI,LW,61,1,1,2,-4,210,-1.4,1,0,0,0,1,0,0,12,8.3,,,,,,,
342,Paul Kruse,27,BUF,LW,12,1,1,2,1,49,0,1,0,0,0,1,0,0,8,12.5,,,,,,,
370,Peter LeBoutillier,23,MDA,RW,12,1,1,2,-1,55,0,1,0,0,0,1,0,0,6,16.7,,,,,,,
458,Jay More,29,CHI,D,17,0,2,2,7,8,1.3,0,0,0,0,2,0,0,17,0,,,,,,,
468,Craig Muni,35,DAL,D,40,1,1,2,0,25,1.9,1,0,0,1,1,0,0,12,8.3,,,,,,,
482,Andrei Nazarov,23,SJS,RW,40,1,1,2,-4,112,-0.8,1,0,0,0,1,0,0,31,3.2,,,,,,,
482,Andrei Nazarov,23,TBL,RW,14,1,1,2,-9,58,-0.3,1,0,0,0,1,0,0,19,5.3,,,,,,,
505,Chris O'Sullivan,23,CGY,D,12,0,2,2,4,10,0.7,0,0,0,0,1,1,0,12,0,,,,,,,
519,Richard Park,21,MDA,C,15,0,2,2,-3,8,-0.3,0,0,0,0,2,0,0,14,0,,,,,,,
542,Nolan Pratt,22,CAR,D,23,0,2,2,-2,44,0.7,0,0,0,0,2,0,0,11,0,,,,,,,
551,Jamie Pushor,24,MDA,D,10,0,2,2,1,10,0.5,0,0,0,0,2,0,0,8,0,,,,,,,
572,Craig Rivet,23,MTL,D,61,0,2,2,-3,93,1.4,0,0,0,0,2,0,0,26,0,,,,,,,
573,David Roberts,27,VAN,LW,13,1,1,2,-1,4,-0.1,1,0,0,0,1,0,0,14,7.1,,,,,,,
586,Cam Russell,29,CHI,D,41,1,1,2,3,79,2,1,0,0,1,1,0,0,18,5.6,,,,,,,
613,David Shaw,33,TBL,D,14,0,2,2,-2,12,0.5,0,0,0,0,2,0,0,12,0,,,,,,,
620,Brian Skrudland,34,DAL,C,13,2,0,2,-2,10,0,2,0,0,0,0,0,0,13,15.4,,,,,,,
624,Geoff Smith,28,NYR,D,15,1,1,2,-4,6,0.5,0,1,0,0,1,0,0,11,9.1,,,,,,,
640,Jason Strudwick,22,TOT,D,28,0,2,2,-2,65,0.7,0,0,0,0,2,0,0,8,0,,,,,,,
670,Mattias Timander,23,BOS,D,23,1,1,2,-9,6,0.4,1,0,0,0,1,0,0,17,5.9,,,,,,,
687,Tony Twist,29,STL,LW,60,1,1,2,-4,105,-1.5,1,0,0,0,1,0,0,17,5.9,,,,,,,
689,Lubomir Vaic,20,VAN,C,5,1,1,2,-2,2,0.1,1,0,0,0,1,0,0,8,12.5,,,,,,,
693,Ryan VandenBussche,24,TOT,RW,20,1,1,2,-2,43,-0.2,1,0,0,0,1,0,0,2,50,,,,,,,
14,Shawn Antoski,27,MDA,LW,9,1,0,1,1,18,0,1,0,0,0,0,0,0,6,16.7,,,,,,,
32,Ken Baumgartner,31,BOS,LW,82,0,1,1,-14,199,-2.4,0,0,0,0,1,0,0,28,0,,,,,,,
33,Nolan Baumgartner,21,WSH,D,4,0,1,1,0,0,0.2,0,0,0,0,0,1,0,4,0,,,,,,,
70,Daniel Briere,20,PHX,C,5,1,0,1,1,2,0.1,1,0,0,0,0,0,0,4,25,,,,,,,
80,Sean Brown,21,EDM,D,18,0,1,1,-1,43,0.6,0,0,0,0,1,0,0,9,0,,,,,,,
104,Zdeno Chara,20,NYI,D,25,0,1,1,1,50,0.9,0,0,0,0,1,0,0,10,0,,,,,,,
115,Enrico Ciccone,27,VAN,D,13,0,1,1,-2,47,0.1,0,0,0,0,0,1,0,7,0,,,,,,,
117,Brett Clark,21,MTL,D,41,1,0,1,-3,20,1,1,0,0,0,0,0,0,26,3.8,,,,,,,
142,Kevin Dahl,29,CGY,D,19,0,1,1,-3,6,0.2,0,0,0,0,1,0,0,17,0,,,,,,,
147,Ken Daneyko,33,NJD,D,37,0,1,1,3,57,1.8,0,0,0,0,1,0,0,18,0,,,,,,,
150,Craig Darby,25,PHI,C,3,1,0,1,0,0,0.1,1,0,0,0,0,0,0,3,33.3,,,,,,,
165,Jason Doig,21,PHX,D,4,0,1,1,-4,12,-0.1,0,0,0,0,1,0,0,1,0,,,,,,,
166,Bobby Dollas,33,MDA,D,22,0,1,1,-12,27,-0.4,0,0,0,0,1,0,0,11,0,,,,,,,
184,Dallas Eakins,30,FLA,D,23,0,1,1,1,44,0.6,0,0,0,0,1,0,0,16,0,,,,,,,
185,Mike Eastwood,30,STL,C,10,1,0,1,0,6,-0.1,1,0,0,1,0,0,0,4,25,,,,,,,
211,Sean Gagnon,24,PHX,D,5,0,1,1,1,14,0.3,0,0,0,0,1,0,0,3,0,,,,,,,
212,Maxim Galanov,23,NYR,D,6,0,1,1,1,2,0.4,0,0,0,0,1,0,0,5,0,,,,,,,
229,Benoit Gratton,21,WSH,C,6,0,1,1,1,6,0,0,0,0,0,1,0,0,5,0,,,,,,,
243,Per Gustafsson,27,OTT,D,9,0,1,1,3,6,0.7,0,0,0,0,1,0,0,12,0,,,,,,,
260,Todd Hlushko,27,CGY,LW,13,0,1,1,0,27,-0.2,0,0,0,0,1,0,0,7,0,,,,,,,
267,Marian Hossa,19,OTT,LW,7,0,1,1,-1,0,-0.1,0,0,0,0,0,1,0,10,0,,,,,,,
269,Eric Houde,21,MTL,C,9,1,0,1,-3,0,-0.2,1,0,0,1,0,0,0,4,25,,,,,,,
274,Bill Huard,30,EDM,LW,30,0,1,1,-5,72,-0.8,0,0,0,0,1,0,0,12,0,,,,,,,
281,Jamie Huscroft,31,VAN,D,7,0,1,1,2,55,0.3,0,0,0,0,1,0,0,5,0,,,,,,,
294,Greg Johnson,26,PIT,C,5,1,0,1,0,2,0.1,1,0,0,0,0,0,0,4,25,,,,,,,
303,Chris Joseph,28,PHI,D,15,1,0,1,1,19,0.7,1,0,0,1,0,0,0,20,5,,,,,,,
316,Mike Kennedy,25,TOT,RW,15,0,1,1,-1,16,-0.3,0,0,0,0,1,0,0,12,0,,,,,,,
316,Mike Kennedy,25,TOR,RW,13,0,1,1,-2,14,-0.3,0,0,0,0,1,0,0,12,0,,,,,,,
318,Chad Kilger,21,PHX,C,10,0,1,1,-2,4,-0.2,0,0,0,0,1,0,0,9,0,,,,,,,
327,Ladislav Kohn,22,CGY,RW,4,0,1,1,2,0,0.1,0,0,0,0,1,0,0,2,0,,,,,,,
340,Vlastimil Kroupa,22,NJD,D,2,0,1,1,1,0,0.3,0,0,0,0,1,0,0,1,0,,,,,,,
354,Eric Landry,23,CGY,C,12,1,0,1,-2,4,-0.2,1,0,0,0,0,0,0,7,14.3,,,,,,,
397,Brad Lukowich,21,DAL,D,4,0,1,1,-2,2,0.1,0,0,0,0,1,0,0,2,0,,,,,,,
406,Dean Malkoc,28,BOS,D,40,1,0,1,-12,86,0.7,1,0,0,0,0,0,0,15,6.7,,,,,,,
410,Cameron Mann,20,BOS,RW,9,0,1,1,1,4,-0.1,0,0,0,0,0,1,0,6,0,,,,,,,
427,Mike McBain,21,TBL,D,27,0,1,1,-10,8,0.1,0,0,0,0,1,0,0,17,0,,,,,,,
460,Jason Morgan,21,LAK,C,11,1,0,1,-7,4,-0.4,1,0,0,0,0,0,0,5,20,,,,,,,
472,Chris Murray,23,CAR,RW,7,0,1,1,2,22,0,0,0,0,0,1,0,0,3,0,,,,,,,
480,Evgeny Namestnikov,26,NYI,D,6,0,1,1,-1,4,0.2,0,0,0,0,0,1,0,2,0,,,,,,,
514,Vladimir Orszagh,20,NYI,RW,11,0,1,1,-3,2,-0.3,0,0,0,0,1,0,0,9,0,,,,,,,
535,Dan Plante,26,NYI,RW,7,0,1,1,-1,6,-0.1,0,0,0,0,1,0,0,7,0,,,,,,,
540,Barry Potomski,25,SJS,LW,9,0,1,1,1,30,-0.1,0,0,0,0,1,0,0,4,0,,,,,,,
548,Sean Pronger,25,PIT,LW,5,1,0,1,-1,2,0,1,0,0,1,0,0,0,5,20,,,,,,,
584,Mike Rucinski,22,CAR,D,9,0,1,1,0,2,0.4,0,0,0,0,1,0,0,3,0,,,,,,,
598,Yves Sarault,25,COL,LW,2,1,0,1,1,0,0.2,1,0,0,0,0,0,0,1,100,,,,,,,
604,Ray Schultz,21,NYI,D,13,0,1,1,3,45,0.7,0,0,0,0,1,0,0,4,0,,,,,,,
619,Jarrod Skalde,26,CHI,C,7,0,1,1,0,4,-0.1,0,0,0,0,0,2,0,4,0,,,,,,,
630,Corey Spring,26,TBL,C,8,1,0,1,-1,10,0,1,0,0,0,0,0,0,12,8.3,,,,,,,
640,Jason Strudwick,22,NYI,D,17,0,1,1,1,36,0.7,0,0,0,0,1,0,0,3,0,,,,,,,
640,Jason Strudwick,22,VAN,D,11,0,1,1,-3,29,0,0,0,0,0,1,0,0,5,0,,,,,,,
661,Chris Tancill,29,DAL,RW,2,0,1,1,-1,0,0,0,0,0,0,1,0,0,1,0,,,,,,,
677,Dan Trebil,23,MDA,D,21,0,1,1,-8,2,-0.1,0,0,0,0,1,0,0,11,0,,,,,,,
679,Pascal Trepanier,24,COL,D,15,0,1,1,-2,18,0.4,0,0,0,0,1,0,0,9,0,,,,,,,
688,Igor Ulanov,28,MTL,D,4,0,1,1,-2,12,0,0,0,0,0,1,0,0,4,0,,,,,,,
693,Ryan VandenBussche,24,NYR,RW,16,1,0,1,-2,38,-0.2,1,0,0,0,0,0,0,2,50,,,,,,,
693,Ryan VandenBussche,24,CHI,RW,4,0,1,1,0,5,0,0,0,0,0,1,0,0,0,,,,,,,,
704,Mick Vukota,31,TOT,RW,64,1,0,1,-4,192,-1.4,1,0,0,0,0,0,0,23,4.3,,,,,,,
704,Mick Vukota,31,TBL,RW,42,1,0,1,0,116,-0.7,1,0,0,0,0,0,0,15,6.7,,,,,,,
720,Todd White,22,CHI,C,7,1,0,1,0,2,0,1,0,0,0,0,0,0,3,33.3,,,,,,,
723,David Wilkie,23,MTL,D,5,1,0,1,-1,4,0.2,1,0,0,1,0,0,0,2,50,,,,,,,
736,Vitali Yachmenev,23,LAK,RW,4,0,1,1,1,4,0,0,0,0,0,1,0,0,4,0,,,,,,,
739,Trent Yawney,32,CHI,D,45,1,0,1,-5,76,1.4,1,0,0,0,0,0,0,19,5.3,,,,,,,
748,Libor Zabransky,24,STL,D,6,0,1,1,-3,6,0,0,0,0,0,0,1,0,2,0,,,,,,,
1,Antti Aalto,22,MDA,C,3,0,0,0,-1,0,-0.1,0,0,0,0,0,0,0,1,0,,,,,,,
3,Kevyn Adams,23,TOR,C,5,0,0,0,0,7,-0.1,0,0,0,0,0,0,0,3,0,,,,,,,
6,Chris Allen,19,FLA,D,1,0,0,0,0,2,0,0,0,0,0,0,0,0,1,0,,,,,,,
12,Niklas Andersson,26,SJS,LW,5,0,0,0,-1,2,-0.2,0,0,0,0,0,0,0,6,0,,,,,,,
22,Dave Babych,36,PHI,D,6,0,0,0,2,12,0.3,0,0,0,0,0,0,0,6,0,,,,,,,
34,Steve Begin,19,CGY,C,5,0,0,0,0,23,-0.1,0,0,0,0,0,0,0,2,0,,,,,,,
39,Ladislav Benysek,22,EDM,D,2,0,0,0,-2,0,-0.1,0,0,0,0,0,0,0,0,,,,,,,,
49,Radim Bicanek,23,OTT,D,1,0,0,0,0,0,0,0,0,0,0,0,0,0,0,,,,,,,,
52,Sylvain Blouin,23,NYR,D,1,0,0,0,0,5,0,0,0,0,0,0,0,0,0,,,,,,,,
59,Dennis Bonvie,24,EDM,RW,4,0,0,0,0,27,-0.1,0,0,0,0,0,0,0,0,,,,,,,,
61,Jason Botterill,21,DAL,LW,4,0,0,0,-1,19,-0.1,0,0,0,0,0,0,0,2,0,,,,,,,
66,Jason Bowen,24,EDM,D,4,0,0,0,0,10,0.1,0,0,0,0,0,0,0,3,0,,,,,,,
71,Travis Brigley,20,CGY,LW,2,0,0,0,0,2,-0.1,0,0,0,0,0,0,0,1,0,,,,,,,
78,Kevin Brown,23,CAR,RW,4,0,0,0,-2,0,-0.2,0,0,0,0,0,0,0,0,,,,,,,,
92,Sven Butenschn,21,PIT,D,8,0,0,0,-1,6,0.2,0,0,0,0,0,0,0,4,0,,,,,,,
93,Petr Buzek,20,DAL,D,2,0,0,0,1,2,0.2,0,0,0,0,0,0,0,0,,,,,,,,
105,Eric Charron,28,CGY,D,2,0,0,0,0,4,0,0,0,0,0,0,0,0,1,0,,,,,,,
111,Jeff Christian,27,PHX,LW,1,0,0,0,-1,0,-0.1,0,0,0,0,0,0,0,0,,,,,,,,
112,Brad Church,21,WSH,LW,2,0,0,0,0,0,0,0,0,0,0,0,0,0,4,0,,,,,,,
113,Dean Chynoweth,29,BOS,D,2,0,0,0,-4,0,-0.2,0,0,0,0,0,0,0,1,0,,,,,,,
115,Enrico Ciccone,27,TBL,D,12,0,0,0,-3,45,0.1,0,0,0,0,0,0,0,7,0,,,,,,,
116,Ivan Ciernik,20,OTT,RW,2,0,0,0,0,0,0,0,0,0,0,0,0,0,0,,,,,,,,
119,Dan Cleary,19,CHI,LW,6,0,0,0,-2,0,-0.2,0,0,0,0,0,0,0,4,0,,,,,,,
127,Patrick Cote,23,DAL,LW,3,0,0,0,-1,15,-0.1,0,0,0,0,0,0,0,3,0,,,,,,,
131,Larry Courville,22,VAN,LW,11,0,0,0,-7,5,-0.6,0,0,0,0,0,0,0,3,0,,,,,,,
137,Jassen Cullimore,25,MTL,D,3,0,0,0,0,4,0.1,0,0,0,0,0,0,0,1,0,,,,,,,
138,Jim Cummins,27,PHX,RW,20,0,0,0,-7,47,-0.8,0,0,0,0,0,0,0,10,0,,,,,,,
148,Jeff Daniels,29,CAR,LW,2,0,0,0,0,0,0,0,0,0,0,0,0,0,1,0,,,,,,,
172,Peter Douris,31,DAL,RW,1,0,0,0,-1,0,-0.1,0,0,0,0,0,0,0,3,0,,,,,,,
186,Allan Egeland,25,TBL,C,8,0,0,0,0,9,-0.2,0,0,0,0,0,0,0,4,0,,,,,,,
191,Bob Errey,33,NYR,RW,12,0,0,0,-5,7,-0.5,0,0,0,0,0,0,0,11,0,,,,,,,
195,Scott Ferguson,25,EDM,D,1,0,0,0,1,0,0.1,0,0,0,0,0,0,0,0,,,,,,,,
197,Peter Ferraro,25,NYR,RW,1,0,0,0,-2,2,-0.1,0,0,0,0,0,0,0,3,0,,,,,,,
208,Doug Friedman,26,EDM,LW,16,0,0,0,0,20,-0.4,0,0,0,0,0,0,0,8,0,,,,,,,
217,Denis Gauthier,21,CGY,D,10,0,0,0,-5,16,-0.2,0,0,0,0,0,0,0,3,0,,,,,,,
220,Martin Gendron,23,CHI,RW,2,0,0,0,-1,0,-0.1,0,0,0,0,0,0,0,3,0,,,,,,,
236,Francois Groleau,25,MTL,D,1,0,0,0,1,0,0.1,0,0,0,0,0,0,0,3,0,,,,,,,
242,Sergey Gusev,22,DAL,D,9,0,0,0,-5,2,0,0,0,0,0,0,0,0,5,0,,,,,,,
244,Sean Haggerty,21,NYI,LW,5,0,0,0,-3,0,-0.2,0,0,0,0,0,0,0,2,0,,,,,,,
248,David Harlock,26,WSH,D,6,0,0,0,2,4,0.4,0,0,0,0,0,0,0,2,0,,,,,,,
252,Dwayne Hay,20,WSH,LW,2,0,0,0,0,2,0,0,0,0,0,0,0,0,1,0,,,,,,,
253,Paul Healey,22,PHI,RW,4,0,0,0,0,12,-0.1,0,0,0,0,0,0,0,0,,,,,,,,
258,Matt Higgins,20,MTL,C,1,0,0,0,-1,0,-0.1,0,0,0,0,0,0,0,1,0,,,,,,,
264,Jason Holland,21,NYI,D,8,0,0,0,-4,4,-0.1,0,0,0,0,0,0,0,6,0,,,,,,,
280,Mike Hurlbut,31,BUF,D,3,0,0,0,-1,2,0,0,0,0,0,0,0,0,3,0,,,,,,,
282,Ryan Huska,22,CHI,LW,1,0,0,0,0,0,0,0,0,0,0,0,0,0,0,,,,,,,,
288,John Jakopin,22,FLA,D,2,0,0,0,-3,4,-0.2,0,0,0,0,0,0,0,1,0,,,,,,,
290,Mark Janssens,29,NYI,C,12,0,0,0,-3,34,-0.4,0,0,0,0,0,0,0,4,0,,,,,,,
299,Olli Jokinen,19,LAK,C,8,0,0,0,-5,6,-0.4,0,0,0,0,0,0,0,12,0,,,,,,,
316,Mike Kennedy,25,DAL,RW,2,0,0,0,1,2,0,0,0,0,0,0,0,0,0,,,,,,,,
352,Sasha Lakovic,26,NJD,LW,2,0,0,0,0,5,0,0,0,0,0,0,0,0,2,0,,,,,,,
355,Robert Lang,27,BOS,C,3,0,0,0,1,2,0,0,0,0,0,0,0,0,2,0,,,,,,,
360,Darryl Laplante,20,DET,C,2,0,0,0,0,0,-0.1,0,0,0,0,0,0,0,2,0,,,,,,,
363,Georges Laraque,21,EDM,RW,11,0,0,0,-4,59,-0.4,0,0,0,0,0,0,0,4,0,,,,,,,
365,Brad Larsen,20,COL,LW,1,0,0,0,0,0,0,0,0,0,0,0,0,0,0,,,,,,,,
368,Mark Lawrence,26,NYI,RW,2,0,0,0,0,2,0,0,0,0,0,0,0,0,4,0,,,,,,,
372,Mike Leclerc,21,MDA,LW,7,0,0,0,-6,6,-0.4,0,0,0,0,0,0,0,11,0,,,,,,,
382,Scott Levins,28,PHX,RW,2,0,0,0,-1,5,-0.1,0,0,0,0,0,0,0,2,0,,,,,,,
383,Jeff Libby,23,NYI,D,1,0,0,0,0,0,0,0,0,0,0,0,0,0,0,,,,,,,,
392,David Ling,23,MTL,RW,1,0,0,0,-1,0,-0.1,0,0,0,0,0,0,0,1,0,,,,,,,
393,Kevin Lowe,38,EDM,D,7,0,0,0,-3,22,0,0,0,0,0,0,0,0,5,0,,,,,,,
394,Dave Lowry,32,FLA,LW,7,0,0,0,-1,2,-0.2,0,0,0,0,0,0,0,4,0,,,,,,,
396,Warren Luhning,22,NYI,RW,8,0,0,0,-4,0,-0.3,0,0,0,0,0,0,0,6,0,,,,,,,
403,Jamie Macoun,36,DET,D,7,0,0,0,0,2,0.2,0,0,0,0,0,0,0,11,0,,,,,,,
405,Stewart Malgunas,27,WSH,D,8,0,0,0,1,12,0.4,0,0,0,0,0,0,0,5,0,,,,,,,
407,Troy Mallette,27,TBL,LW,3,0,0,0,0,7,-0.1,0,0,0,0,0,0,0,0,,,,,,,,
419,Steve Martins,25,CAR,C,3,0,0,0,0,0,-0.1,0,0,0,0,0,0,0,0,,,,,,,,
420,Christian Matte,23,COL,RW,5,0,0,0,0,6,-0.1,0,0,0,0,0,0,0,5,0,,,,,,,
452,Jeff Mitchell,22,DAL,RW,7,0,0,0,0,7,-0.2,0,0,0,0,0,0,0,3,0,,,,,,,
461,Marc Moro,20,MDA,D,1,0,0,0,0,0,0,0,0,0,0,0,0,0,0,,,,,,,,
465,Bryan Muir,24,EDM,D,7,0,0,0,0,17,0.2,0,0,0,0,0,0,0,6,0,,,,,,,
466,Ryan Mulhern,25,WSH,C,3,0,0,0,0,0,-0.1,0,0,0,0,0,0,0,1,0,,,,,,,
474,Marty Murray,22,CGY,C,2,0,0,0,1,2,0,0,0,0,0,0,0,0,2,0,,,,,,,
478,Brantt Myhres,23,PHI,RW,23,0,0,0,-1,169,-0.6,0,0,0,0,0,0,0,0,,,,,,,,
483,Rumun Ndur,22,BUF,D,1,0,0,0,-1,2,-0.1,0,0,0,0,0,0,0,0,,,,,,,,
487,Scott Nichol,23,BUF,C,3,0,0,0,0,4,-0.1,0,0,0,0,0,0,0,5,0,,,,,,,
489,Barry Nieckar,30,MDA,LW,1,0,0,0,0,2,0,0,0,0,0,0,0,0,0,,,,,,,,
493,Kirk Nielsen,24,BOS,RW,6,0,0,0,-1,0,-0.2,0,0,0,0,0,0,0,1,0,,,,,,,
509,Gino Odjick,27,NYI,LW,13,0,0,0,1,31,-0.3,0,0,0,0,0,0,0,16,0,,,,,,,
521,Pat Peake,24,WSH,RW,1,0,0,0,0,4,0,0,0,0,0,0,0,0,0,,,,,,,,
525,Mike Peluso,32,CGY,LW,23,0,0,0,-6,113,-0.9,0,0,0,0,0,0,0,8,0,,,,,,,
527,Ricard Persson,28,STL,D,1,0,0,0,0,0,0,0,0,0,0,0,0,0,0,,,,,,,,
550,Joel Prpic,23,BOS,C,1,0,0,0,0,2,0,0,0,0,0,0,0,0,0,,,,,,,,
577,Randy Robitaille,22,BOS,C,4,0,0,0,-2,0,-0.2,0,0,0,0,0,0,0,5,0,,,,,,,
582,Jean-Yves Roy,28,BOS,RW,2,0,0,0,0,0,0,0,0,0,0,0,0,0,1,0,,,,,,,
587,Terry Ryan,21,MTL,LW,4,0,0,0,0,31,-0.1,0,0,0,0,0,0,0,0,,,,,,,,
588,Warren Rychel,30,COL,LW,8,0,0,0,-1,23,-0.2,0,0,0,0,0,0,0,4,0,,,,,,,
597,Terran Sandwith,25,EDM,D,8,0,0,0,-4,6,-0.1,0,0,0,0,0,0,0,4,0,,,,,,,
608,Pierre Sevigny,26,NYR,LW,3,0,0,0,0,2,-0.1,0,0,0,0,0,0,0,1,0,,,,,,,
617,Reid Simpson,28,NJD,LW,6,0,0,0,-2,16,-0.2,0,0,0,0,0,0,0,5,0,,,,,,,
619,Jarrod Skalde,26,DAL,C,1,0,0,0,0,0,0,0,0,0,0,0,0,0,0,,,,,,,,
627,Brad Smyth,24,NYR,RW,1,0,0,0,0,0,0,0,0,0,0,0,0,0,1,0,,,,,,,
646,Ronnie Sundin,27,NYR,D,1,0,0,0,0,0,0,0,0,0,0,0,0,0,0,,,,,,,,
651,Ken Sutton,28,TOT,D,21,0,0,0,-3,21,0.5,0,0,0,0,0,0,0,12,0,,,,,,,
651,Ken Sutton,28,NJD,D,13,0,0,0,1,6,0.6,0,0,0,0,0,0,0,5,0,,,,,,,
651,Ken Sutton,28,SJS,D,8,0,0,0,-4,15,-0.1,0,0,0,0,0,0,0,7,0,,,,,,,
665,Rocky Thompson,20,CGY,D,12,0,0,0,0,61,0.2,0,0,0,0,0,0,0,3,0,,,,,,,
669,Brad Tiley,26,PHX,D,1,0,0,0,1,0,0.1,0,0,0,0,0,0,0,0,,,,,,,,
685,Tony Tuzzolino,22,MDA,RW,1,0,0,0,-2,2,-0.1,0,0,0,0,0,0,0,0,,,,,,,,
695,Petri Varis,28,CHI,LW,1,0,0,0,0,0,0,0,0,0,0,0,0,0,0,,,,,,,,
696,Sergei Varlamov,19,CGY,LW,1,0,0,0,0,0,0,0,0,0,0,0,0,0,0,,,,,,,,
699,Dennis Vial,28,OTT,LW,19,0,0,0,0,45,-0.4,0,0,0,0,0,0,0,9,0,,,,,,,
704,Mick Vukota,31,MTL,RW,22,0,0,0,-4,76,-0.7,0,0,0,0,0,0,0,8,0,,,,,,,
709,Jeff Ware,20,TOR,D,2,0,0,0,1,0,0.1,0,0,0,0,0,0,0,0,,,,,,,,
714,Steve Webb,22,NYI,RW,20,0,0,0,-2,35,-0.5,0,0,0,0,0,0,0,6,0,,,,,,,
728,Craig Wolanin,30,TOR,D,10,0,0,0,-9,6,-0.4,0,0,0,0,0,0,0,5,0,,,,,,,
729,Dody Wood,25,SJS,C,8,0,0,0,-3,40,-0.3,0,0,0,0,0,0,0,4,0,,,,,,,
731,Peter Worrell,20,FLA,LW,19,0,0,0,-4,153,-0.6,0,0,0,0,0,0,0,15,0,,,,,,,
732,Mark Wotton,24,VAN,D,5,0,0,0,-2,6,-0.1,0,0,0,0,0,0,0,3,0,,,,,,,
733,Bob Wren,23,MDA,LW,3,0,0,0,0,0,-0.1,0,0,0,0,0,0,0,4,0,,,,,,,
742,Harry York,23,NYR,C,2,0,0,0,-1,0,-0.1,0,0,0,0,0,0,0,2,0,,,,,,,
753,Jason Zent,26,OTT,LW,3,0,0,0,0,4,-0.1,0,0,0,0,0,0,0,1,0,,,,,,,